{
    "__comment": "JimStoneCraft - 2020",
    "variants": {
        "facing=east,honey_level=0": { "model": "minecraft:block/beehive_empty", "y": 90 },
        "facing=east,honey_level=1": { "model": "minecraft:block/beehive_honey1", "y": 90 },
        "facing=east,honey_level=2": { "model": "minecraft:block/beehive_honey2", "y": 90 },
        "facing=east,honey_level=3": { "model": "minecraft:block/beehive_honey3", "y": 90 },
        "facing=east,honey_level=4": { "model": "minecraft:block/beehive_honey4", "y": 90 },
        "facing=east,honey_level=5": { "model": "minecraft:block/beehive_honey5", "y": 90 },
        "facing=north,honey_level=0": { "model": "minecraft:block/beehive_empty" },
        "facing=north,honey_level=1": { "model": "minecraft:block/beehive_honey1" },
        "facing=north,honey_level=2": { "model": "minecraft:block/beehive_honey2" },
        "facing=north,honey_level=3": { "model": "minecraft:block/beehive_honey3" },
        "facing=north,honey_level=4": { "model": "minecraft:block/beehive_honey4" },
        "facing=north,honey_level=5": { "model": "minecraft:block/beehive_honey5" },
        "facing=south,honey_level=0": { "model": "minecraft:block/beehive_empty", "y": 180 },
        "facing=south,honey_level=1": { "model": "minecraft:block/beehive_honey1", "y": 180 },
        "facing=south,honey_level=2": { "model": "minecraft:block/beehive_honey2", "y": 180 },
        "facing=south,honey_level=3": { "model": "minecraft:block/beehive_honey3", "y": 180 },
        "facing=south,honey_level=4": { "model": "minecraft:block/beehive_honey4", "y": 180 },
        "facing=south,honey_level=5": { "model": "minecraft:block/beehive_honey5", "y": 180 },
        "facing=west,honey_level=0": { "model": "minecraft:block/beehive_empty", "y": 270 },
        "facing=west,honey_level=1": { "model": "minecraft:block/beehive_honey1", "y": 270 },
        "facing=west,honey_level=2": { "model": "minecraft:block/beehive_honey2", "y": 270 },
        "facing=west,honey_level=3": { "model": "minecraft:block/beehive_honey3", "y": 270 },
        "facing=west,honey_level=4": { "model": "minecraft:block/beehive_honey4", "y": 270 },
        "facing=west,honey_level=5": { "model": "minecraft:block/beehive_honey5", "y": 270 }
    }
}
