{
    "__comment": "JimStoneCraft - 2023",
    "variants": {
        "": [
            { "model": "minecraft:block/tuff_bricks", "weight": 24 },
            { "model": "minecraft:block/tuff_bricks1", "weight": 18 },
            { "model": "minecraft:block/tuff_bricks2", "weight": 18 },
            { "model": "minecraft:block/tuff_bricks3", "weight": 15 },
            { "model": "minecraft:block/tuff_bricks4", "weight": 15 },
            { "model": "minecraft:block/tuff_bricks5", "weight": 4 },
            { "model": "minecraft:block/tuff_bricks6", "weight": 3 },
            { "model": "minecraft:block/tuff_bricks7", "weight": 3 }
        ]
    }
}
