{
    "__comment": "JimStoneCraft - 2025",
    "model": {
        "type": "minecraft:select",
        "property": "minecraft:component",
        "component": "minecraft:axolotl/variant",
        "cases": [
            {
                "when": "blue",
                "model": {
                    "type": "minecraft:model",
                    "model": "minecraft:item/custom_axolotl_bucket_blue"
                }
            },
            {
                "when": "cyan",
                "model": {
                    "type": "minecraft:model",
                    "model": "minecraft:item/custom_axolotl_bucket_cyan"
                }
            },
            {
                "when": "gold",
                "model": {
                    "type": "minecraft:model",
                    "model": "minecraft:item/custom_axolotl_bucket_gold"
                }
            },
            {
                "when": "lucy",
                "model": {
                    "type": "minecraft:model",
                    "model": "minecraft:item/custom_axolotl_bucket_lucy"
                }
            },
            {
                "when": "wild",
                "model": {
                    "type": "minecraft:model",
                    "model": "minecraft:item/custom_axolotl_bucket_wild"
                }
            }
        ],
        "fallback": {
            "type": "minecraft:model",
            "model": "minecraft:item/axolotl_bucket"
        }
    }
}
