{
  "model": {
    "type": "minecraft:select",
    "property": "minecraft:component",
    "component": "minecraft:stored_enchantments",
    "cases": [
{"when": {"minecraft:aqua_affinity": 1},"model": {"type": "minecraft:model","model": "item/uncommon"}},
{"when": {"minecraft:bane_of_arthropods": 1},"model": {"type": "minecraft:model","model": "item/common"}},
{"when": {"minecraft:bane_of_arthropods": 2},"model": {"type": "minecraft:model","model": "item/common"}},
{"when": {"minecraft:bane_of_arthropods": 3},"model": {"type": "minecraft:model","model": "item/uncommon"}},
{"when": {"minecraft:bane_of_arthropods": 4},"model": {"type": "minecraft:model","model": "item/uncommon"}},
{"when": {"minecraft:bane_of_arthropods": 5},"model": {"type": "minecraft:model","model": "item/rare"}},
{"when": {"minecraft:blast_protection": 1},"model": {"type": "minecraft:model","model": "item/common"}},
{"when": {"minecraft:blast_protection": 2},"model": {"type": "minecraft:model","model": "item/uncommon"}},
{"when": {"minecraft:blast_protection": 3},"model": {"type": "minecraft:model","model": "item/rare"}},
{"when": {"minecraft:blast_protection": 4},"model": {"type": "minecraft:model","model": "item/epic"}},
{"when": {"minecraft:cleaving": 1},"model": {"type": "minecraft:model","model": "item/uncommon"}},
{"when": {"minecraft:cleaving": 2},"model": {"type": "minecraft:model","model": "item/uncommon"}},
{"when": {"minecraft:cleaving": 3},"model": {"type": "minecraft:model","model": "item/rare"}},
{"when": {"minecraft:channeling": 1},"model": {"type": "minecraft:model","model": "item/epic"}},
{"when": {"minecraft:breach": 1},"model": {"type": "minecraft:model","model": "item/uncommon"}},
{"when": {"minecraft:breach": 2},"model": {"type": "minecraft:model","model": "item/uncommon"}},
{"when": {"minecraft:breach": 3},"model": {"type": "minecraft:model","model": "item/rare"}},
{"when": {"minecraft:breach": 4},"model": {"type": "minecraft:model","model": "item/rare"}},
{"when": {"minecraft:binding_curse": 1},"model": {"type": "minecraft:model","model": "item/cursed"}},
{"when": {"minecraft:vanishing_curse": 1},"model": {"type": "minecraft:model","model": "item/cursed"}},
{"when": {"minecraft:depth_strider": 1},"model": {"type": "minecraft:model","model": "item/uncommon"}},
{"when": {"minecraft:depth_strider": 2},"model": {"type": "minecraft:model","model": "item/rare"}},
{"when": {"minecraft:depth_strider": 3},"model": {"type": "minecraft:model","model": "item/rare"}},
{"when": {"minecraft:density": 1},"model": {"type": "minecraft:model","model": "item/common"}},
{"when": {"minecraft:density": 2},"model": {"type": "minecraft:model","model": "item/uncommon"}},
{"when": {"minecraft:density": 3},"model": {"type": "minecraft:model","model": "item/rare"}},
{"when": {"minecraft:density": 4},"model": {"type": "minecraft:model","model": "item/epic"}},
{"when": {"minecraft:density": 5},"model": {"type": "minecraft:model","model": "item/legendary"}},
{"when": {"minecraft:efficiency": 1},"model": {"type": "minecraft:model","model": "item/common"}},
{"when": {"minecraft:efficiency": 2},"model": {"type": "minecraft:model","model": "item/uncommon"}},
{"when": {"minecraft:efficiency": 3},"model": {"type": "minecraft:model","model": "item/rare"}},
{"when": {"minecraft:efficiency": 4},"model": {"type": "minecraft:model","model": "item/epic"}},
{"when": {"minecraft:efficiency": 5},"model": {"type": "minecraft:model","model": "item/legendary"}},
{"when": {"minecraft:feather_falling": 1},"model": {"type": "minecraft:model","model": "item/uncommon"}},
{"when": {"minecraft:feather_falling": 2},"model": {"type": "minecraft:model","model": "item/uncommon"}},
{"when": {"minecraft:feather_falling": 3},"model": {"type": "minecraft:model","model": "item/rare"}},
{"when": {"minecraft:feather_falling": 4},"model": {"type": "minecraft:model","model": "item/rare"}},
{"when": {"minecraft:fire_aspect": 1},"model": {"type": "minecraft:model","model": "item/uncommon"}},
{"when": {"minecraft:fire_aspect": 2},"model": {"type": "minecraft:model","model": "item/rare"}},
{"when": {"minecraft:fire_protection": 1},"model": {"type": "minecraft:model","model": "item/common"}},
{"when": {"minecraft:fire_protection": 2},"model": {"type": "minecraft:model","model": "item/uncommon"}},
{"when": {"minecraft:fire_protection": 3},"model": {"type": "minecraft:model","model": "item/rare"}},
{"when": {"minecraft:fire_protection": 4},"model": {"type": "minecraft:model","model": "item/epic"}},
{"when": {"minecraft:flame": 1},"model": {"type": "minecraft:model","model": "item/rare"}},
{"when": {"minecraft:fortune": 1},"model": {"type": "minecraft:model","model": "item/uncommon"}},
{"when": {"minecraft:fortune": 2},"model": {"type": "minecraft:model","model": "item/rare"}},
{"when": {"minecraft:fortune": 3},"model": {"type": "minecraft:model","model": "item/epic"}},
{"when": {"minecraft:frost_walker": 1},"model": {"type": "minecraft:model","model": "item/uncommon"}},
{"when": {"minecraft:frost_walker": 2},"model": {"type": "minecraft:model","model": "item/rare"}},
{"when": {"minecraft:impaling": 1},"model": {"type": "minecraft:model","model": "item/uncommon"}},
{"when": {"minecraft:impaling": 2},"model": {"type": "minecraft:model","model": "item/uncommon"}},
{"when": {"minecraft:impaling": 3},"model": {"type": "minecraft:model","model": "item/rare"}},
{"when": {"minecraft:impaling": 4},"model": {"type": "minecraft:model","model": "item/rare"}},
{"when": {"minecraft:impaling": 5},"model": {"type": "minecraft:model","model": "item/epic"}},
{"when": {"minecraft:infinity": 1},"model": {"type": "minecraft:model","model": "item/epic"}},
{"when": {"minecraft:knockback": 1},"model": {"type": "minecraft:model","model": "item/uncommon"}},
{"when": {"minecraft:knockback": 2},"model": {"type": "minecraft:model","model": "item/rare"}},
{"when": {"minecraft:looting": 1},"model": {"type": "minecraft:model","model": "item/uncommon"}},
{"when": {"minecraft:looting": 2},"model": {"type": "minecraft:model","model": "item/rare"}},
{"when": {"minecraft:looting": 3},"model": {"type": "minecraft:model","model": "item/epic"}},
{"when": {"minecraft:loyalty": 1},"model": {"type": "minecraft:model","model": "item/rare"}},
{"when": {"minecraft:loyalty": 2},"model": {"type": "minecraft:model","model": "item/rare"}},
{"when": {"minecraft:loyalty": 3},"model": {"type": "minecraft:model","model": "item/epic"}},
{"when": {"minecraft:luck_of_the_sea": 1},"model": {"type": "minecraft:model","model": "item/common"}},
{"when": {"minecraft:luck_of_the_sea": 2},"model": {"type": "minecraft:model","model": "item/uncommon"}},
{"when": {"minecraft:luck_of_the_sea": 3},"model": {"type": "minecraft:model","model": "item/rare"}},
{"when": {"minecraft:lure": 1},"model": {"type": "minecraft:model","model": "item/common"}},
{"when": {"minecraft:lure": 2},"model": {"type": "minecraft:model","model": "item/uncommon"}},
{"when": {"minecraft:lure": 3},"model": {"type": "minecraft:model","model": "item/rare"}},
{"when": {"minecraft:mending": 1},"model": {"type": "minecraft:model","model": "item/legendary"}},
{"when": {"minecraft:multishot": 1},"model": {"type": "minecraft:model","model": "item/epic"}},
{"when": {"minecraft:piercing": 1},"model": {"type": "minecraft:model","model": "item/common"}},
{"when": {"minecraft:piercing": 2},"model": {"type": "minecraft:model","model": "item/uncommon"}},
{"when": {"minecraft:piercing": 3},"model": {"type": "minecraft:model","model": "item/rare"}},
{"when": {"minecraft:piercing": 4},"model": {"type": "minecraft:model","model": "item/rare"}},
{"when": {"minecraft:power": 1},"model": {"type": "minecraft:model","model": "item/common"}},
{"when": {"minecraft:power": 2},"model": {"type": "minecraft:model","model": "item/uncommon"}},
{"when": {"minecraft:power": 3},"model": {"type": "minecraft:model","model": "item/rare"}},
{"when": {"minecraft:power": 4},"model": {"type": "minecraft:model","model": "item/rare"}},
{"when": {"minecraft:power": 5},"model": {"type": "minecraft:model","model": "item/epic"}},
{"when": {"minecraft:projectile_protection": 1},"model": {"type": "minecraft:model","model": "item/common"}},
{"when": {"minecraft:projectile_protection": 2},"model": {"type": "minecraft:model","model": "item/uncommon"}},
{"when": {"minecraft:projectile_protection": 3},"model": {"type": "minecraft:model","model": "item/rare"}},
{"when": {"minecraft:projectile_protection": 4},"model": {"type": "minecraft:model","model": "item/epic"}},
{"when": {"minecraft:protection": 1},"model": {"type": "minecraft:model","model": "item/common"}},
{"when": {"minecraft:protection": 2},"model": {"type": "minecraft:model","model": "item/uncommon"}},
{"when": {"minecraft:protection": 3},"model": {"type": "minecraft:model","model": "item/rare"}},
{"when": {"minecraft:protection": 4},"model": {"type": "minecraft:model","model": "item/epic"}},
{"when": {"minecraft:punch": 1},"model": {"type": "minecraft:model","model": "item/common"}},
{"when": {"minecraft:punch": 2},"model": {"type": "minecraft:model","model": "item/uncommon"}},
{"when": {"minecraft:quick_charge": 1},"model": {"type": "minecraft:model","model": "item/common"}},
{"when": {"minecraft:quick_charge": 2},"model": {"type": "minecraft:model","model": "item/common"}},
{"when": {"minecraft:quick_charge": 3},"model": {"type": "minecraft:model","model": "item/uncommon"}},
{"when": {"minecraft:respiration": 1},"model": {"type": "minecraft:model","model": "item/common"}},
{"when": {"minecraft:respiration": 2},"model": {"type": "minecraft:model","model": "item/uncommon"}},
{"when": {"minecraft:respiration": 3},"model": {"type": "minecraft:model","model": "item/rare"}},
{"when": {"minecraft:riptide": 1},"model": {"type": "minecraft:model","model": "item/rare"}},
{"when": {"minecraft:riptide": 2},"model": {"type": "minecraft:model","model": "item/epic"}},
{"when": {"minecraft:riptide": 3},"model": {"type": "minecraft:model","model": "item/legendary"}},
{"when": {"minecraft:sharpness": 1},"model": {"type": "minecraft:model","model": "item/common"}},
{"when": {"minecraft:sharpness": 2},"model": {"type": "minecraft:model","model": "item/uncommon"}},
{"when": {"minecraft:sharpness": 3},"model": {"type": "minecraft:model","model": "item/rare"}},
{"when": {"minecraft:sharpness": 4},"model": {"type": "minecraft:model","model": "item/epic"}},
{"when": {"minecraft:sharpness": 5},"model": {"type": "minecraft:model","model": "item/legendary"}},
{"when": {"minecraft:silk_touch": 1},"model": {"type": "minecraft:model","model": "item/legendary"}},
{"when": {"minecraft:smite": 1},"model": {"type": "minecraft:model","model": "item/common"}},
{"when": {"minecraft:smite": 2},"model": {"type": "minecraft:model","model": "item/common"}},
{"when": {"minecraft:smite": 3},"model": {"type": "minecraft:model","model": "item/uncommon"}},
{"when": {"minecraft:smite": 4},"model": {"type": "minecraft:model","model": "item/rare"}},
{"when": {"minecraft:smite": 5},"model": {"type": "minecraft:model","model": "item/epic"}},
{"when": {"minecraft:soul_speed": 1},"model": {"type": "minecraft:model","model": "item/common"}},
{"when": {"minecraft:soul_speed": 2},"model": {"type": "minecraft:model","model": "item/uncommon"}},
{"when": {"minecraft:soul_speed": 3},"model": {"type": "minecraft:model","model": "item/rare"}},
{"when": {"minecraft:sweeping_edge": 1},"model": {"type": "minecraft:model","model": "item/common"}},
{"when": {"minecraft:sweeping_edge": 2},"model": {"type": "minecraft:model","model": "item/uncommon"}},
{"when": {"minecraft:sweeping_edge": 3},"model": {"type": "minecraft:model","model": "item/rare"}},
{"when": {"minecraft:swift_sneak": 1},"model": {"type": "minecraft:model","model": "item/rare"}},
{"when": {"minecraft:swift_sneak": 2},"model": {"type": "minecraft:model","model": "item/epic"}},
{"when": {"minecraft:swift_sneak": 3},"model": {"type": "minecraft:model","model": "item/legendary"}},
{"when": {"minecraft:thorns": 1},"model": {"type": "minecraft:model","model": "item/common"}},
{"when": {"minecraft:thorns": 2},"model": {"type": "minecraft:model","model": "item/uncommon"}},
{"when": {"minecraft:thorns": 3},"model": {"type": "minecraft:model","model": "item/rare"}},
{"when": {"minecraft:unbreaking": 1},"model": {"type": "minecraft:model","model": "item/uncommon"}},
{"when": {"minecraft:unbreaking": 2},"model": {"type": "minecraft:model","model": "item/epic"}},
{"when": {"minecraft:unbreaking": 3},"model": {"type": "minecraft:model","model": "item/legendary"}},
{"when": {"minecraft:wind_burst": 1},"model": {"type": "minecraft:model","model": "item/uncommon"}},
{"when": {"minecraft:wind_burst": 2},"model": {"type": "minecraft:model","model": "item/rare"}},
{"when": {"minecraft:wind_burst": 3},"model": {"type": "minecraft:model","model": "item/epic"}}
    ],
    "fallback": {
      "type": "minecraft:model",
      "model": "minecraft:item/enchanted_book"
    }
  }
}