{
  "model": {
    "type": "minecraft:condition",
    "property": "minecraft:component",
    "predicate": "minecraft:enchantments",
    "value": [
      {
        "enchantments": "minecraft:fortune"
      }
    ],
    "on_true": {
      "type": "minecraft:condition",
      "property": "minecraft:component",
      "predicate": "minecraft:enchantments",
      "value": [
        {
          "enchantments": "minecraft:mending"
        }
      ],
      "on_true": {
        "type": "minecraft:model",
        "model": "item/gsmf"
      },
      "on_false": {
        "type": "minecraft:model",
        "model": "item/gsf"
      }
    },
    "on_false": {
      "type": "minecraft:condition",
      "property": "minecraft:component",
      "predicate": "minecraft:enchantments",
      "value": [
        {
          "enchantments": [
            "minecraft:silk_touch"
          ]
        }
      ],
      "on_true": {
        "type": "minecraft:condition",
        "property": "minecraft:component",
        "predicate": "minecraft:enchantments",
        "value": [
          {
            "enchantments": [
              "minecraft:mending"
            ]
          }
        ],
        "on_true": {
          "type": "minecraft:model",
          "model": "item/gsms"
        },
        "on_false": {
          "type": "minecraft:model",
          "model": "item/gss"
        }
      },
      "on_false": {
        "type": "minecraft:condition",
        "property": "minecraft:component",
        "predicate": "minecraft:enchantments",
        "value": [
          {
            "enchantments": [
              "minecraft:mending"
            ]
          }
        ],
        "on_true": {
          "type": "minecraft:model",
          "model": "item/gsm"
        },
        "on_false": {
          "type": "minecraft:model",
          "model": "minecraft:item/golden_shovel"
        }
      }
    }
  }
}