{
  "model": {
    "type": "minecraft:condition",
    "property": "minecraft:component",
    "predicate": "minecraft:enchantments",
    "value": [
      {
        "enchantments": "minecraft:fire_aspect"
      }
    ],
    "on_true": {
      "type": "minecraft:condition",
      "property": "minecraft:component",
      "predicate": "minecraft:enchantments",
      "value": [
        {
          "enchantments": "minecraft:mending"
        }
      ],
      "on_true": {
        "type": "minecraft:model",
        "model": "item/swmf"
      },
      "on_false": {
        "type": "minecraft:model",
        "model": "item/swf"
      }
    },
    "on_false": {
      "type": "minecraft:condition",
      "property": "minecraft:component",
      "predicate": "minecraft:enchantments",
      "value": [
        {
          "enchantments": "mending"
        }
      ],
      "on_true": {
        "type": "minecraft:model",
        "model": "item/swm"
      },
      "on_false": {
        "type": "minecraft:model",
        "model": "minecraft:item/stone_sword"
      }
    }
  }
}