{
  "model": {
    "type": "minecraft:condition",
    "property": "minecraft:component",
    "predicate": "minecraft:enchantments",
    "value": [
      {
        "enchantments": "minecraft:fortune"
      }
    ],
    "on_true": {
      "type": "minecraft:condition",
      "property": "minecraft:component",
      "predicate": "minecraft:enchantments",
      "value": [
        {
          "enchantments": "minecraft:mending"
        }
      ],
      "on_true": {
        "type": "minecraft:model",
        "model": "item/spmf"
      },
      "on_false": {
        "type": "minecraft:model",
        "model": "item/spf"
      }
    },
    "on_false": {
      "type": "minecraft:condition",
      "property": "minecraft:component",
      "predicate": "minecraft:enchantments",
      "value": [
        {
          "enchantments": [
            "minecraft:silk_touch"
          ]
        }
      ],
      "on_true": {
        "type": "minecraft:condition",
        "property": "minecraft:component",
        "predicate": "minecraft:enchantments",
        "value": [
          {
            "enchantments": [
              "minecraft:mending"
            ]
          }
        ],
        "on_true": {
          "type": "minecraft:model",
          "model": "item/spms"
        },
        "on_false": {
          "type": "minecraft:model",
          "model": "item/sps"
        }
      },
      "on_false": {
        "type": "minecraft:condition",
        "property": "minecraft:component",
        "predicate": "minecraft:enchantments",
        "value": [
          {
            "enchantments": [
              "minecraft:mending"
            ]
          }
        ],
        "on_true": {
          "type": "minecraft:model",
          "model": "item/spm"
        },
        "on_false": {
          "type": "minecraft:model",
          "model": "minecraft:item/stone_pickaxe"
        }
      }
    }
  }
}