{
	"credit": "Made with Blockbench",
	"textures": {
		"0": "item/bee_spawn_egg",
		"particle": "item/bee_spawn_egg"
	},
	"elements": [
		{
			"name": "allay_spawn_egg_0",
			"from": [6, 2, 7.5],
			"to": [10, 13, 8.5],
			"faces": {
				"north": {"uv": [10, 3, 6, 14], "texture": "#0"},
				"east": {"uv": [9, 3, 10, 14], "texture": "#0"},
				"south": {"uv": [6, 3, 10, 14], "texture": "#0"},
				"west": {"uv": [6, 3, 7, 14], "texture": "#0"},
				"up": {"uv": [6, 3, 10, 4], "texture": "#0"},
				"down": {"uv": [6, 13, 10, 14], "texture": "#0"}
			}
		},
		{
			"name": "allay_spawn_egg_0",
			"from": [5, 2, 7.5],
			"to": [6, 12, 8.5],
			"rotation": {"angle": 0, "axis": "y", "origin": [-5, 0, 0]},
			"faces": {
				"north": {"uv": [6, 4, 5, 14], "texture": "#0"},
				"east": {"uv": [5, 4, 6, 14], "texture": "#0"},
				"south": {"uv": [5, 4, 6, 14], "texture": "#0"},
				"west": {"uv": [5, 4, 6, 14], "texture": "#0"},
				"up": {"uv": [5, 4, 6, 5], "texture": "#0"},
				"down": {"uv": [5, 13, 6, 14], "texture": "#0"}
			}
		},
		{
			"name": "allay_spawn_egg_0",
			"from": [10, 2, 7.5],
			"to": [11, 12, 8.5],
			"faces": {
				"north": {"uv": [11, 4, 10, 14], "texture": "#0"},
				"east": {"uv": [10, 4, 11, 14], "texture": "#0"},
				"south": {"uv": [10, 4, 11, 14], "texture": "#0"},
				"west": {"uv": [10, 4, 11, 14], "texture": "#0"},
				"up": {"uv": [10, 4, 11, 5], "texture": "#0"},
				"down": {"uv": [10, 13, 11, 14], "texture": "#0"}
			}
		},
		{
			"name": "allay_spawn_egg_0",
			"from": [4, 3, 7.5],
			"to": [5, 11, 8.5],
			"rotation": {"angle": 0, "axis": "y", "origin": [-6, 0, 0]},
			"faces": {
				"north": {"uv": [5, 5, 4, 13], "texture": "#0"},
				"east": {"uv": [4, 5, 5, 13], "texture": "#0"},
				"south": {"uv": [4, 5, 5, 13], "texture": "#0"},
				"west": {"uv": [4, 5, 5, 13], "texture": "#0"},
				"up": {"uv": [4, 5, 5, 6], "texture": "#0"},
				"down": {"uv": [4, 12, 5, 13], "texture": "#0"}
			}
		},
		{
			"name": "allay_spawn_egg_0",
			"from": [11, 3, 7.5],
			"to": [12, 11, 8.5],
			"rotation": {"angle": 0, "axis": "y", "origin": [1, 0, 0]},
			"faces": {
				"north": {"uv": [12, 5, 11, 13], "texture": "#0"},
				"east": {"uv": [11, 5, 12, 13], "texture": "#0"},
				"south": {"uv": [11, 5, 12, 13], "texture": "#0"},
				"west": {"uv": [11, 5, 12, 13], "texture": "#0"},
				"up": {"uv": [11, 5, 12, 6], "texture": "#0"},
				"down": {"uv": [11, 12, 12, 13], "texture": "#0"}
			}
		},
		{
			"name": "allay_spawn_egg_1",
			"from": [3, 4, 7.5],
			"to": [4, 10, 8.5],
			"rotation": {"angle": 0, "axis": "y", "origin": [-7, 0, 0]},
			"faces": {
				"north": {"uv": [4, 6, 3, 12], "texture": "#0"},
				"east": {"uv": [3, 6, 4, 12], "texture": "#0"},
				"south": {"uv": [3, 6, 4, 12], "texture": "#0"},
				"west": {"uv": [3, 6, 4, 12], "texture": "#0"},
				"up": {"uv": [3, 6, 4, 7], "texture": "#0"},
				"down": {"uv": [3, 11, 4, 12], "texture": "#0"}
			}
		},
		{
			"name": "allay_spawn_egg_1",
			"from": [12, 4, 7.5],
			"to": [13, 10, 8.5],
			"rotation": {"angle": 0, "axis": "y", "origin": [2, 0, 0]},
			"faces": {
				"north": {"uv": [13, 6, 12, 12], "texture": "#0"},
				"east": {"uv": [12, 6, 13, 12], "texture": "#0"},
				"south": {"uv": [12, 6, 13, 12], "texture": "#0"},
				"west": {"uv": [12, 6, 13, 12], "texture": "#0"},
				"up": {"uv": [12, 6, 13, 7], "texture": "#0"},
				"down": {"uv": [12, 11, 13, 12], "texture": "#0"}
			}
		},
		{
			"name": "allay_spawn_egg_2",
			"from": [2, 6, 7.5],
			"to": [3, 7, 8.5],
			"rotation": {"angle": 0, "axis": "y", "origin": [-8, -1, 0]},
			"faces": {
				"north": {"uv": [3, 9, 2, 10], "texture": "#0"},
				"east": {"uv": [2, 9, 3, 10], "texture": "#0"},
				"south": {"uv": [2, 9, 3, 10], "texture": "#0"},
				"west": {"uv": [2, 9, 3, 10], "texture": "#0"},
				"up": {"uv": [2, 9, 3, 10], "texture": "#0"},
				"down": {"uv": [2, 9, 3, 10], "texture": "#0"}
			}
		},
		{
			"name": "allay_spawn_egg_2",
			"from": [13, 8, 7.5],
			"to": [14, 9, 8.5],
			"rotation": {"angle": 0, "axis": "y", "origin": [3, 1, 0]},
			"faces": {
				"north": {"uv": [14, 7, 13, 8], "texture": "#0"},
				"east": {"uv": [13, 7, 14, 8], "texture": "#0"},
				"south": {"uv": [13, 7, 14, 8], "texture": "#0"},
				"west": {"uv": [13, 7, 14, 8], "texture": "#0"},
				"up": {"uv": [13, 7, 14, 8], "texture": "#0"},
				"down": {"uv": [13, 7, 14, 8], "texture": "#0"}
			}
		},
		{
			"name": "allay_spawn_egg_2",
			"from": [2, 8, 7.5],
			"to": [3, 9, 8.5],
			"rotation": {"angle": 0, "axis": "y", "origin": [-8, 1, 0]},
			"faces": {
				"north": {"uv": [3, 7, 2, 8], "texture": "#0"},
				"east": {"uv": [2, 7, 3, 8], "texture": "#0"},
				"south": {"uv": [2, 7, 3, 8], "texture": "#0"},
				"west": {"uv": [2, 7, 3, 8], "texture": "#0"},
				"up": {"uv": [2, 7, 3, 8], "texture": "#0"},
				"down": {"uv": [2, 7, 3, 8], "texture": "#0"}
			}
		},
		{
			"name": "allay_spawn_egg_2",
			"from": [14, 7, 7.5],
			"to": [15, 8, 8.5],
			"rotation": {"angle": 0, "axis": "y", "origin": [4, 0, 0]},
			"faces": {
				"north": {"uv": [15, 8, 14, 9], "texture": "#0"},
				"east": {"uv": [14, 8, 15, 9], "texture": "#0"},
				"south": {"uv": [14, 8, 15, 9], "texture": "#0"},
				"west": {"uv": [14, 8, 15, 9], "texture": "#0"},
				"up": {"uv": [14, 8, 15, 9], "texture": "#0"},
				"down": {"uv": [14, 8, 15, 9], "texture": "#0"}
			}
		},
		{
			"name": "allay_spawn_egg_2",
			"from": [1, 7, 7.5],
			"to": [2, 8, 8.5],
			"rotation": {"angle": 0, "axis": "y", "origin": [-9, 0, 0]},
			"faces": {
				"north": {"uv": [2, 8, 1, 9], "texture": "#0"},
				"east": {"uv": [1, 8, 2, 9], "texture": "#0"},
				"south": {"uv": [1, 8, 2, 9], "texture": "#0"},
				"west": {"uv": [1, 8, 2, 9], "texture": "#0"},
				"up": {"uv": [1, 8, 2, 9], "texture": "#0"},
				"down": {"uv": [1, 8, 2, 9], "texture": "#0"}
			}
		},
		{
			"name": "allay_spawn_egg_2",
			"from": [13, 10, 7.5],
			"to": [15, 11, 8.5],
			"rotation": {"angle": 0, "axis": "y", "origin": [3, 3, 0]},
			"faces": {
				"north": {"uv": [15, 5, 13, 6], "texture": "#0"},
				"east": {"uv": [14, 5, 15, 6], "texture": "#0"},
				"south": {"uv": [13, 5, 15, 6], "texture": "#0"},
				"west": {"uv": [13, 5, 14, 6], "texture": "#0"},
				"up": {"uv": [13, 5, 15, 6], "texture": "#0"},
				"down": {"uv": [13, 5, 15, 6], "texture": "#0"}
			}
		},
		{
			"name": "allay_spawn_egg_2",
			"from": [1, 10, 7.5],
			"to": [3, 11, 8.5],
			"rotation": {"angle": 0, "axis": "y", "origin": [-9, 3, 0]},
			"faces": {
				"north": {"uv": [3, 5, 1, 6], "texture": "#0"},
				"east": {"uv": [2, 5, 3, 6], "texture": "#0"},
				"south": {"uv": [1, 5, 3, 6], "texture": "#0"},
				"west": {"uv": [1, 5, 2, 6], "texture": "#0"},
				"up": {"uv": [1, 5, 3, 6], "texture": "#0"},
				"down": {"uv": [1, 5, 3, 6], "texture": "#0"}
			}
		},
		{
			"name": "allay_spawn_egg_2",
			"from": [15, 8, 7.5],
			"to": [16, 10, 8.5],
			"rotation": {"angle": 0, "axis": "y", "origin": [4, 2, 0]},
			"faces": {
				"north": {"uv": [16, 6, 15, 8], "texture": "#0"},
				"east": {"uv": [15, 6, 16, 8], "texture": "#0"},
				"south": {"uv": [15, 6, 16, 8], "texture": "#0"},
				"west": {"uv": [15, 6, 16, 8], "texture": "#0"},
				"up": {"uv": [15, 6, 16, 7], "texture": "#0"},
				"down": {"uv": [15, 7, 16, 8], "texture": "#0"}
			}
		},
		{
			"name": "allay_spawn_egg_2",
			"from": [0, 8, 7.5],
			"to": [1, 10, 8.5],
			"rotation": {"angle": 0, "axis": "y", "origin": [-10, 2, 0]},
			"faces": {
				"north": {"uv": [1, 6, 0, 8], "texture": "#0"},
				"east": {"uv": [0, 6, 1, 8], "texture": "#0"},
				"south": {"uv": [0, 6, 1, 8], "texture": "#0"},
				"west": {"uv": [0, 6, 1, 8], "texture": "#0"},
				"up": {"uv": [0, 6, 1, 7], "texture": "#0"},
				"down": {"uv": [0, 7, 1, 8], "texture": "#0"}
			}
		},
		{
			"name": "allay_spawn_egg_2",
			"from": [13, 6, 7.5],
			"to": [14, 7, 8.5],
			"rotation": {"angle": 0, "axis": "y", "origin": [3, -1, 0]},
			"faces": {
				"north": {"uv": [14, 9, 13, 10], "texture": "#0"},
				"east": {"uv": [13, 9, 14, 10], "texture": "#0"},
				"south": {"uv": [13, 9, 14, 10], "texture": "#0"},
				"west": {"uv": [13, 9, 14, 10], "texture": "#0"},
				"up": {"uv": [13, 9, 14, 10], "texture": "#0"},
				"down": {"uv": [13, 9, 14, 10], "texture": "#0"}
			}
		}
	],
	"gui_light": "front",
	"display": {
		"thirdperson_righthand": {
			"translation": [0, 3, 1],
			"scale": [0.55, 0.55, 0.55]
		},
		"firstperson_righthand": {
			"rotation": [0, -90, 25],
			"translation": [1.13, 3.2, 1.13],
			"scale": [0.68, 0.68, 0.68]
		},
		"ground": {
			"translation": [0, 2, 0],
			"scale": [0.5, 0.5, 0.5]
		},
		"head": {
			"rotation": [0, 180, 0],
			"translation": [0, 13, 7]
		},
		"fixed": {
			"rotation": [0, 180, 0]
		}
	},
	"groups": [
		{
			"name": "allay_spawn_egg",
			"origin": [8, 8, 8],
			"color": 0,
			"children": [0, 1, 2, 3, 4, 5, 6, 7, 8, 9, 10, 11, 12, 13, 14, 15, 16]
		}
	]
}