{
	"credit": "Made with Blockbench",
	"textures": {
		"0": "item/creaking_spawn_egg",
		"particle": "item/creaking_spawn_egg"
	},
	"elements": [
		{
			"name": "allay_spawn_egg_0",
			"from": [6, 0, 7.5],
			"to": [10, 16, 8.5],
			"rotation": {"angle": 0, "axis": "y", "origin": [0, -2, 0]},
			"faces": {
				"north": {"uv": [10, 0, 6, 16], "texture": "#0"},
				"east": {"uv": [9, 0, 10, 16], "texture": "#0"},
				"south": {"uv": [6, 0, 10, 16], "texture": "#0"},
				"west": {"uv": [6, 0, 7, 16], "texture": "#0"},
				"up": {"uv": [6, 0, 10, 1], "texture": "#0"},
				"down": {"uv": [6, 15, 10, 16], "texture": "#0"}
			}
		},
		{
			"name": "allay_spawn_egg_0",
			"from": [5, 0, 7.5],
			"to": [6, 15, 8.5],
			"rotation": {"angle": 0, "axis": "y", "origin": [-5, 0, 0]},
			"faces": {
				"north": {"uv": [6, 1, 5, 16], "texture": "#0"},
				"east": {"uv": [5, 1, 6, 16], "texture": "#0"},
				"south": {"uv": [5, 1, 6, 16], "texture": "#0"},
				"west": {"uv": [5, 1, 6, 16], "texture": "#0"},
				"up": {"uv": [5, 1, 6, 2], "texture": "#0"},
				"down": {"uv": [5, 15, 6, 16], "texture": "#0"}
			}
		},
		{
			"name": "allay_spawn_egg_0",
			"from": [10, 0, 7.5],
			"to": [11, 15, 8.5],
			"faces": {
				"north": {"uv": [11, 1, 10, 16], "texture": "#0"},
				"east": {"uv": [10, 1, 11, 16], "texture": "#0"},
				"south": {"uv": [10, 1, 11, 16], "texture": "#0"},
				"west": {"uv": [10, 1, 11, 16], "texture": "#0"},
				"up": {"uv": [10, 1, 11, 2], "texture": "#0"},
				"down": {"uv": [10, 15, 11, 16], "texture": "#0"}
			}
		},
		{
			"name": "allay_spawn_egg_0",
			"from": [4, 1, 7.5],
			"to": [5, 14, 8.5],
			"rotation": {"angle": 0, "axis": "y", "origin": [-6, -2, 0]},
			"faces": {
				"north": {"uv": [5, 2, 4, 15], "texture": "#0"},
				"east": {"uv": [4, 2, 5, 15], "texture": "#0"},
				"south": {"uv": [4, 2, 5, 15], "texture": "#0"},
				"west": {"uv": [4, 2, 5, 15], "texture": "#0"},
				"up": {"uv": [4, 2, 5, 3], "texture": "#0"},
				"down": {"uv": [4, 14, 5, 15], "texture": "#0"}
			}
		},
		{
			"name": "allay_spawn_egg_0",
			"from": [11, 1, 7.5],
			"to": [12, 14, 8.5],
			"rotation": {"angle": 0, "axis": "y", "origin": [1, -2, 0]},
			"faces": {
				"north": {"uv": [12, 2, 11, 15], "texture": "#0"},
				"east": {"uv": [11, 2, 12, 15], "texture": "#0"},
				"south": {"uv": [11, 2, 12, 15], "texture": "#0"},
				"west": {"uv": [11, 2, 12, 15], "texture": "#0"},
				"up": {"uv": [11, 2, 12, 3], "texture": "#0"},
				"down": {"uv": [11, 14, 12, 15], "texture": "#0"}
			}
		},
		{
			"name": "allay_spawn_egg_1",
			"from": [3, 1, 7.5],
			"to": [4, 14, 8.5],
			"rotation": {"angle": 0, "axis": "y", "origin": [-7, -2, 0]},
			"faces": {
				"north": {"uv": [4, 2, 3, 15], "texture": "#0"},
				"east": {"uv": [3, 2, 4, 15], "texture": "#0"},
				"south": {"uv": [3, 2, 4, 15], "texture": "#0"},
				"west": {"uv": [3, 2, 4, 15], "texture": "#0"},
				"up": {"uv": [3, 2, 4, 3], "texture": "#0"},
				"down": {"uv": [3, 14, 4, 15], "texture": "#0"}
			}
		},
		{
			"name": "allay_spawn_egg_1",
			"from": [12, 1, 7.5],
			"to": [13, 13, 8.5],
			"rotation": {"angle": 0, "axis": "y", "origin": [2, -2, 0]},
			"faces": {
				"north": {"uv": [13, 3, 12, 15], "texture": "#0"},
				"east": {"uv": [12, 3, 13, 15], "texture": "#0"},
				"south": {"uv": [12, 3, 13, 15], "texture": "#0"},
				"west": {"uv": [12, 3, 13, 15], "texture": "#0"},
				"up": {"uv": [12, 3, 13, 4], "texture": "#0"},
				"down": {"uv": [12, 14, 13, 15], "texture": "#0"}
			}
		},
		{
			"name": "allay_spawn_egg_2",
			"from": [2, 2, 7.5],
			"to": [3, 12, 8.5],
			"rotation": {"angle": 0, "axis": "y", "origin": [-8, -3, 0]},
			"faces": {
				"north": {"uv": [3, 4, 2, 14], "texture": "#0"},
				"east": {"uv": [2, 4, 3, 14], "texture": "#0"},
				"south": {"uv": [2, 4, 3, 14], "texture": "#0"},
				"west": {"uv": [2, 4, 3, 14], "texture": "#0"},
				"up": {"uv": [2, 4, 3, 5], "texture": "#0"},
				"down": {"uv": [2, 13, 3, 14], "texture": "#0"}
			}
		},
		{
			"name": "allay_spawn_egg_2",
			"from": [13, 2, 7.5],
			"to": [14, 11, 8.5],
			"rotation": {"angle": 0, "axis": "y", "origin": [3, -3, 0]},
			"faces": {
				"north": {"uv": [14, 5, 13, 14], "texture": "#0"},
				"east": {"uv": [13, 5, 14, 14], "texture": "#0"},
				"south": {"uv": [13, 5, 14, 14], "texture": "#0"},
				"west": {"uv": [13, 5, 14, 14], "texture": "#0"},
				"up": {"uv": [13, 5, 14, 6], "texture": "#0"},
				"down": {"uv": [13, 13, 14, 14], "texture": "#0"}
			}
		},
		{
			"name": "allay_spawn_egg_2",
			"from": [1, 3, 7.5],
			"to": [2, 9, 8.5],
			"rotation": {"angle": 0, "axis": "y", "origin": [-9, 0, 0]},
			"faces": {
				"north": {"uv": [2, 7, 1, 13], "texture": "#0"},
				"east": {"uv": [1, 7, 2, 13], "texture": "#0"},
				"south": {"uv": [1, 7, 2, 13], "texture": "#0"},
				"west": {"uv": [1, 7, 2, 13], "texture": "#0"},
				"up": {"uv": [1, 7, 2, 8], "texture": "#0"},
				"down": {"uv": [1, 12, 2, 13], "texture": "#0"}
			}
		},
		{
			"name": "allay_spawn_egg_2",
			"from": [14, 10, 7.5],
			"to": [15, 11, 8.5],
			"rotation": {"angle": 0, "axis": "y", "origin": [4, 5, 0]},
			"faces": {
				"north": {"uv": [15, 5, 14, 6], "texture": "#0"},
				"east": {"uv": [14, 5, 15, 6], "texture": "#0"},
				"south": {"uv": [14, 5, 15, 6], "texture": "#0"},
				"west": {"uv": [14, 5, 15, 6], "texture": "#0"},
				"up": {"uv": [14, 5, 15, 6], "texture": "#0"},
				"down": {"uv": [14, 5, 15, 6], "texture": "#0"}
			}
		},
		{
			"name": "allay_spawn_egg_2",
			"from": [13, 12, 7.5],
			"to": [14, 13, 8.5],
			"rotation": {"angle": 0, "axis": "y", "origin": [3, 7, 0]},
			"faces": {
				"north": {"uv": [14, 3, 13, 4], "texture": "#0"},
				"east": {"uv": [13, 3, 14, 4], "texture": "#0"},
				"south": {"uv": [13, 3, 14, 4], "texture": "#0"},
				"west": {"uv": [13, 3, 14, 4], "texture": "#0"},
				"up": {"uv": [13, 3, 14, 4], "texture": "#0"},
				"down": {"uv": [13, 3, 14, 4], "texture": "#0"}
			}
		},
		{
			"name": "allay_spawn_egg_2",
			"from": [14, 12, 7.5],
			"to": [15, 13, 8.5],
			"rotation": {"angle": 0, "axis": "y", "origin": [4, 7, 0]},
			"faces": {
				"north": {"uv": [15, 3, 14, 4], "texture": "#0"},
				"east": {"uv": [14, 3, 15, 4], "texture": "#0"},
				"south": {"uv": [14, 3, 15, 4], "texture": "#0"},
				"west": {"uv": [14, 3, 15, 4], "texture": "#0"},
				"up": {"uv": [14, 3, 15, 4], "texture": "#0"},
				"down": {"uv": [14, 3, 15, 4], "texture": "#0"}
			}
		},
		{
			"name": "allay_spawn_egg_2",
			"from": [14, 14, 7.5],
			"to": [15, 15, 8.5],
			"rotation": {"angle": 0, "axis": "y", "origin": [4, 9, 0]},
			"faces": {
				"north": {"uv": [15, 1, 14, 2], "texture": "#0"},
				"east": {"uv": [14, 1, 15, 2], "texture": "#0"},
				"south": {"uv": [14, 1, 15, 2], "texture": "#0"},
				"west": {"uv": [14, 1, 15, 2], "texture": "#0"},
				"up": {"uv": [14, 1, 15, 2], "texture": "#0"},
				"down": {"uv": [14, 1, 15, 2], "texture": "#0"}
			}
		},
		{
			"name": "allay_spawn_egg_2",
			"from": [15, 13, 7.5],
			"to": [16, 15, 8.5],
			"rotation": {"angle": 0, "axis": "y", "origin": [5, 9, 0]},
			"faces": {
				"north": {"uv": [16, 1, 15, 3], "texture": "#0"},
				"east": {"uv": [15, 1, 16, 3], "texture": "#0"},
				"south": {"uv": [15, 1, 16, 3], "texture": "#0"},
				"west": {"uv": [15, 1, 16, 3], "texture": "#0"},
				"up": {"uv": [15, 1, 16, 2], "texture": "#0"},
				"down": {"uv": [15, 2, 16, 3], "texture": "#0"}
			}
		},
		{
			"name": "allay_spawn_egg_2",
			"from": [1, 10, 7.5],
			"to": [2, 11, 8.5],
			"rotation": {"angle": 0, "axis": "y", "origin": [-9, 5, 0]},
			"faces": {
				"north": {"uv": [2, 5, 1, 6], "texture": "#0"},
				"east": {"uv": [1, 5, 2, 6], "texture": "#0"},
				"south": {"uv": [1, 5, 2, 6], "texture": "#0"},
				"west": {"uv": [1, 5, 2, 6], "texture": "#0"},
				"up": {"uv": [1, 5, 2, 6], "texture": "#0"},
				"down": {"uv": [1, 5, 2, 6], "texture": "#0"}
			}
		},
		{
			"name": "allay_spawn_egg_2",
			"from": [0, 8, 7.5],
			"to": [1, 10, 8.5],
			"rotation": {"angle": 0, "axis": "y", "origin": [-10, 4, 0]},
			"faces": {
				"north": {"uv": [1, 6, 0, 8], "texture": "#0"},
				"east": {"uv": [0, 6, 1, 8], "texture": "#0"},
				"south": {"uv": [0, 6, 1, 8], "texture": "#0"},
				"west": {"uv": [0, 6, 1, 8], "texture": "#0"},
				"up": {"uv": [0, 6, 1, 7], "texture": "#0"},
				"down": {"uv": [0, 7, 1, 8], "texture": "#0"}
			}
		},
		{
			"name": "allay_spawn_egg_2",
			"from": [2, 13, 7.5],
			"to": [3, 14, 8.5],
			"rotation": {"angle": 0, "axis": "y", "origin": [-8, 8, 0]},
			"faces": {
				"north": {"uv": [3, 2, 2, 3], "texture": "#0"},
				"east": {"uv": [2, 2, 3, 3], "texture": "#0"},
				"south": {"uv": [2, 2, 3, 3], "texture": "#0"},
				"west": {"uv": [2, 2, 3, 3], "texture": "#0"},
				"up": {"uv": [2, 2, 3, 3], "texture": "#0"},
				"down": {"uv": [2, 2, 3, 3], "texture": "#0"}
			}
		},
		{
			"name": "allay_spawn_egg_2",
			"from": [2, 15, 7.5],
			"to": [3, 16, 8.5],
			"rotation": {"angle": 0, "axis": "y", "origin": [-8, 10, 0]},
			"faces": {
				"north": {"uv": [3, 0, 2, 1], "texture": "#0"},
				"east": {"uv": [2, 0, 3, 1], "texture": "#0"},
				"south": {"uv": [2, 0, 3, 1], "texture": "#0"},
				"west": {"uv": [2, 0, 3, 1], "texture": "#0"},
				"up": {"uv": [2, 0, 3, 1], "texture": "#0"},
				"down": {"uv": [2, null, 3, null], "texture": "#0"}
			}
		},
		{
			"name": "allay_spawn_egg_2",
			"from": [1, 14, 7.5],
			"to": [2, 16, 8.5],
			"rotation": {"angle": 0, "axis": "y", "origin": [-9, 10, 0]},
			"faces": {
				"north": {"uv": [2, 0, 1, 2], "texture": "#0"},
				"east": {"uv": [1, 0, 2, 2], "texture": "#0"},
				"south": {"uv": [1, 0, 2, 2], "texture": "#0"},
				"west": {"uv": [1, 0, 2, 2], "texture": "#0"},
				"up": {"uv": [1, 0, 2, 1], "texture": "#0"},
				"down": {"uv": [1, 1, 2, 2], "texture": "#0"}
			}
		},
		{
			"name": "allay_spawn_egg_2",
			"from": [14, 3, 7.5],
			"to": [15, 9, 8.5],
			"rotation": {"angle": 0, "axis": "y", "origin": [4, 0, 0]},
			"faces": {
				"north": {"uv": [15, 7, 14, 13], "texture": "#0"},
				"east": {"uv": [14, 7, 15, 13], "texture": "#0"},
				"south": {"uv": [14, 7, 15, 13], "texture": "#0"},
				"west": {"uv": [14, 7, 15, 13], "texture": "#0"},
				"up": {"uv": [14, 7, 15, 8], "texture": "#0"},
				"down": {"uv": [14, 12, 15, 13], "texture": "#0"}
			}
		}
	],
	"gui_light": "front",
	"display": {
		"thirdperson_righthand": {
			"translation": [0, 3, 1],
			"scale": [0.55, 0.55, 0.55]
		},
		"firstperson_righthand": {
			"rotation": [0, -90, 25],
			"translation": [1.13, 3.2, 1.13],
			"scale": [0.68, 0.68, 0.68]
		},
		"ground": {
			"translation": [0, 2, 0],
			"scale": [0.5, 0.5, 0.5]
		},
		"head": {
			"rotation": [0, 180, 0],
			"translation": [0, 13, 7]
		},
		"fixed": {
			"rotation": [0, 180, 0]
		}
	},
	"groups": [
		{
			"name": "allay_spawn_egg",
			"origin": [8, 8, 8],
			"color": 0,
			"children": [0, 1, 2, 3, 4, 5, 6, 7, 8, 9, 10, 11, 12, 13, 14, 15, 16, 17, 18, 19, 20]
		}
	]
}