{
    "__comment": "JimStoneCraft - 2021",
    "variants": {
        "type=bottom": [
            { "model": "minecraft:block/deepslate_brick_slab" },
            { "model": "minecraft:block/deepslate_brick_slab1" },
            { "model": "minecraft:block/deepslate_brick_slab2" },
            { "model": "minecraft:block/deepslate_brick_slab3" },
            { "model": "minecraft:block/deepslate_brick_slab4" },
            { "model": "minecraft:block/deepslate_brick_slab5" },
            { "model": "minecraft:block/deepslate_brick_slab6" },
            { "model": "minecraft:block/deepslate_brick_slab7" }
        ],
        "type=top": [
            { "model": "minecraft:block/deepslate_brick_slab_top" },
            { "model": "minecraft:block/deepslate_brick_slab_top1" },
            { "model": "minecraft:block/deepslate_brick_slab_top2" },
            { "model": "minecraft:block/deepslate_brick_slab_top3" },
            { "model": "minecraft:block/deepslate_brick_slab_top4" },
            { "model": "minecraft:block/deepslate_brick_slab_top5" },
            { "model": "minecraft:block/deepslate_brick_slab_top6" },
            { "model": "minecraft:block/deepslate_brick_slab_top7" }
        ],
        "type=double": [
            { "model": "minecraft:block/deepslate_bricks" },
            { "model": "minecraft:block/deepslate_bricks1" },
            { "model": "minecraft:block/deepslate_bricks2" },
            { "model": "minecraft:block/deepslate_bricks3" },
            { "model": "minecraft:block/deepslate_bricks4" },
            { "model": "minecraft:block/deepslate_bricks5" },
            { "model": "minecraft:block/deepslate_bricks6" },
            { "model": "minecraft:block/deepslate_bricks7" }
        ]
    }
}
