{
    "__comment": "JimStoneCraft - 2024",
    "variants": {
        "tip=false": [
            { "model": "minecraft:block/pale_hanging_moss" },
            { "model": "minecraft:block/pale_hanging_moss1" },
            { "model": "minecraft:block/pale_hanging_moss2" },
            { "model": "minecraft:block/pale_hanging_moss3" }
        ],
        "tip=true": [
            { "model": "minecraft:block/pale_hanging_moss_tip" },
            { "model": "minecraft:block/pale_hanging_moss_tip1" },
            { "model": "minecraft:block/pale_hanging_moss_tip2" },
            { "model": "minecraft:block/pale_hanging_moss_tip3" }
        ]
    }
}
