{
    "__comment": "JimStoneCraft - 2023",
    "multipart": [
        {   "when": { "up": "true" },
            "apply": [
            { "model": "minecraft:block/tuff_wall_post", "weight": 50 },
            { "model": "minecraft:block/tuff_wall_post1", "weight": 25 },
            { "model": "minecraft:block/tuff_wall_post2", "weight": 25 }
            ]
        },
        {   "when": { "north": "low" },
            "apply": [
            { "model": "minecraft:block/tuff_wall_side", "uvlock": true, "weight": 50 },
            { "model": "minecraft:block/tuff_wall_side1", "uvlock": true, "weight": 25 },
            { "model": "minecraft:block/tuff_wall_side2", "uvlock": true, "weight": 25 }
            ]
        },
        {   "when": { "east": "low" },
            "apply": [
            { "model": "minecraft:block/tuff_wall_side", "y": 90, "uvlock": true, "weight": 50 },
            { "model": "minecraft:block/tuff_wall_side1", "y": 90, "uvlock": true, "weight": 25 },
            { "model": "minecraft:block/tuff_wall_side2", "y": 90, "uvlock": true, "weight": 25 }
            ]
        },
        {   "when": { "south": "low" },
            "apply": [
            { "model": "minecraft:block/tuff_wall_side", "y": 180, "uvlock": true, "weight": 50 },
            { "model": "minecraft:block/tuff_wall_side1", "y": 180, "uvlock": true, "weight": 25 },
            { "model": "minecraft:block/tuff_wall_side2", "y": 180, "uvlock": true, "weight": 25 }
            ]
        },
        {   "when": { "west": "low" },
            "apply": [
            { "model": "minecraft:block/tuff_wall_side", "y": 270, "uvlock": true, "weight": 50 },
            { "model": "minecraft:block/tuff_wall_side1", "y": 270, "uvlock": true, "weight": 25 },
            { "model": "minecraft:block/tuff_wall_side2", "y": 270, "uvlock": true, "weight": 25 }
            ]
        },
        {   "when": { "north": "tall" },
            "apply": [
            { "model": "minecraft:block/tuff_wall_side_tall", "uvlock": true, "weight": 50 },
            { "model": "minecraft:block/tuff_wall_side_tall1", "uvlock": true, "weight": 25 },
            { "model": "minecraft:block/tuff_wall_side_tall2", "uvlock": true, "weight": 25 }
            ]
        },
        {   "when": { "east": "tall" },
            "apply": [
            { "model": "minecraft:block/tuff_wall_side_tall", "y": 90, "uvlock": true, "weight": 50 },
            { "model": "minecraft:block/tuff_wall_side_tall1", "y": 90, "uvlock": true, "weight": 25 },
            { "model": "minecraft:block/tuff_wall_side_tall2", "y": 90, "uvlock": true, "weight": 25 }
            ]
        },
        {   "when": { "south": "tall" },
            "apply": [
            { "model": "minecraft:block/tuff_wall_side_tall", "y": 180, "uvlock": true, "weight": 50 },
            { "model": "minecraft:block/tuff_wall_side_tall1", "y": 180, "uvlock": true, "weight": 25 },
            { "model": "minecraft:block/tuff_wall_side_tall2", "y": 180, "uvlock": true, "weight": 25 }
            ]
        },
        {   "when": { "west": "tall" },
            "apply": [
            { "model": "minecraft:block/tuff_wall_side_tall", "y": 270, "uvlock": true, "weight": 50 },
            { "model": "minecraft:block/tuff_wall_side_tall1", "y": 270, "uvlock": true, "weight": 25 },
            { "model": "minecraft:block/tuff_wall_side_tall2", "y": 270, "uvlock": true, "weight": 25 }
            ]
        }
    ]
}
