{
    "__comment": "JimStoneCraft - 2023",
    "variants": {
        "type=bottom": [
            { "model": "minecraft:block/tuff_slab", "weight": 50 },
            { "model": "minecraft:block/tuff_slab1", "weight": 25 },
            { "model": "minecraft:block/tuff_slab2", "weight": 25 }
        ],
        "type=top": [
            { "model": "minecraft:block/tuff_slab_top", "weight": 50 },
            { "model": "minecraft:block/tuff_slab_top1", "weight": 25 },
            { "model": "minecraft:block/tuff_slab_top2", "weight": 25 }
        ],
        "type=double": [
            { "model": "minecraft:block/tuff", "weight": 50 },
            { "model": "minecraft:block/tuff1", "weight": 25 },
            { "model": "minecraft:block/tuff2", "weight": 25 }
        ]
    }
}
