{
    "__comment": "JimStoneCraft - 2023",
    "multipart": [
        {   "when": { "up": "true" },
            "apply": [
            { "model": "minecraft:block/tuff_brick_wall_post", "weight": 24 },
            { "model": "minecraft:block/tuff_brick_wall_post1", "weight": 18 },
            { "model": "minecraft:block/tuff_brick_wall_post2", "weight": 18 },
            { "model": "minecraft:block/tuff_brick_wall_post3", "weight": 15 },
            { "model": "minecraft:block/tuff_brick_wall_post4", "weight": 15 },
            { "model": "minecraft:block/tuff_brick_wall_post5", "weight": 4 },
            { "model": "minecraft:block/tuff_brick_wall_post6", "weight": 3 },
            { "model": "minecraft:block/tuff_brick_wall_post7", "weight": 3 }
            ]
        },
        {   "when": { "north": "low" },
            "apply": [
            { "model": "minecraft:block/tuff_brick_wall_side", "uvlock": true, "weight": 24 },
            { "model": "minecraft:block/tuff_brick_wall_side1", "uvlock": true, "weight": 18 },
            { "model": "minecraft:block/tuff_brick_wall_side2", "uvlock": true, "weight": 18 },
            { "model": "minecraft:block/tuff_brick_wall_side3", "uvlock": true, "weight": 15 },
            { "model": "minecraft:block/tuff_brick_wall_side4", "uvlock": true, "weight": 15 },
            { "model": "minecraft:block/tuff_brick_wall_side5", "uvlock": true, "weight": 4 },
            { "model": "minecraft:block/tuff_brick_wall_side6", "uvlock": true, "weight": 3 },
            { "model": "minecraft:block/tuff_brick_wall_side7", "uvlock": true, "weight": 3 }
            ]
        },
        {   "when": { "east": "low" },
            "apply": [
            { "model": "minecraft:block/tuff_brick_wall_side", "y": 90, "uvlock": true, "weight": 24 },
            { "model": "minecraft:block/tuff_brick_wall_side1", "y": 90, "uvlock": true, "weight": 18 },
            { "model": "minecraft:block/tuff_brick_wall_side2", "y": 90, "uvlock": true, "weight": 18 },
            { "model": "minecraft:block/tuff_brick_wall_side3", "y": 90, "uvlock": true, "weight": 15 },
            { "model": "minecraft:block/tuff_brick_wall_side4", "y": 90, "uvlock": true, "weight": 15 },
            { "model": "minecraft:block/tuff_brick_wall_side5", "y": 90, "uvlock": true, "weight": 4 },
            { "model": "minecraft:block/tuff_brick_wall_side6", "y": 90, "uvlock": true, "weight": 3 },
            { "model": "minecraft:block/tuff_brick_wall_side7", "y": 90, "uvlock": true, "weight": 3 }
            ]
        },
        {   "when": { "south": "low" },
            "apply": [
            { "model": "minecraft:block/tuff_brick_wall_side", "y": 180, "uvlock": true, "weight": 24 },
            { "model": "minecraft:block/tuff_brick_wall_side1", "y": 180, "uvlock": true, "weight": 18 },
            { "model": "minecraft:block/tuff_brick_wall_side2", "y": 180, "uvlock": true, "weight": 18 },
            { "model": "minecraft:block/tuff_brick_wall_side3", "y": 180, "uvlock": true, "weight": 15 },
            { "model": "minecraft:block/tuff_brick_wall_side4", "y": 180, "uvlock": true, "weight": 15 },
            { "model": "minecraft:block/tuff_brick_wall_side5", "y": 180, "uvlock": true, "weight": 4 },
            { "model": "minecraft:block/tuff_brick_wall_side6", "y": 180, "uvlock": true, "weight": 3 },
            { "model": "minecraft:block/tuff_brick_wall_side7", "y": 180, "uvlock": true, "weight": 3 }
            ]
        },
        {   "when": { "west": "low" },
            "apply": [
            { "model": "minecraft:block/tuff_brick_wall_side", "y": 270, "uvlock": true, "weight": 24 },
            { "model": "minecraft:block/tuff_brick_wall_side1", "y": 270, "uvlock": true, "weight": 18 },
            { "model": "minecraft:block/tuff_brick_wall_side2", "y": 270, "uvlock": true, "weight": 18 },
            { "model": "minecraft:block/tuff_brick_wall_side3", "y": 270, "uvlock": true, "weight": 15 },
            { "model": "minecraft:block/tuff_brick_wall_side4", "y": 270, "uvlock": true, "weight": 15 },
            { "model": "minecraft:block/tuff_brick_wall_side5", "y": 270, "uvlock": true, "weight": 4 },
            { "model": "minecraft:block/tuff_brick_wall_side6", "y": 270, "uvlock": true, "weight": 3 },
            { "model": "minecraft:block/tuff_brick_wall_side7", "y": 270, "uvlock": true, "weight": 3 }
            ]
        },
        {   "when": { "north": "tall" },
            "apply": [
            { "model": "minecraft:block/tuff_brick_wall_side_tall", "uvlock": true, "weight": 24 },
            { "model": "minecraft:block/tuff_brick_wall_side_tall1", "uvlock": true, "weight": 18 },
            { "model": "minecraft:block/tuff_brick_wall_side_tall2", "uvlock": true, "weight": 18 },
            { "model": "minecraft:block/tuff_brick_wall_side_tall3", "uvlock": true, "weight": 15 },
            { "model": "minecraft:block/tuff_brick_wall_side_tall4", "uvlock": true, "weight": 15 },
            { "model": "minecraft:block/tuff_brick_wall_side_tall5", "uvlock": true, "weight": 4 },
            { "model": "minecraft:block/tuff_brick_wall_side_tall6", "uvlock": true, "weight": 3 },
            { "model": "minecraft:block/tuff_brick_wall_side_tall7", "uvlock": true, "weight": 3 }
            ]
        },
        {   "when": { "east": "tall" },
            "apply": [
            { "model": "minecraft:block/tuff_brick_wall_side_tall", "y": 90, "uvlock": true, "weight": 24 },
            { "model": "minecraft:block/tuff_brick_wall_side_tall1", "y": 90, "uvlock": true, "weight": 18 },
            { "model": "minecraft:block/tuff_brick_wall_side_tall2", "y": 90, "uvlock": true, "weight": 18 },
            { "model": "minecraft:block/tuff_brick_wall_side_tall3", "y": 90, "uvlock": true, "weight": 15 },
            { "model": "minecraft:block/tuff_brick_wall_side_tall4", "y": 90, "uvlock": true, "weight": 15 },
            { "model": "minecraft:block/tuff_brick_wall_side_tall5", "y": 90, "uvlock": true, "weight": 4 },
            { "model": "minecraft:block/tuff_brick_wall_side_tall6", "y": 90, "uvlock": true, "weight": 3 },
            { "model": "minecraft:block/tuff_brick_wall_side_tall7", "y": 90, "uvlock": true, "weight": 3 }
            ]
        },
        {   "when": { "south": "tall" },
            "apply": [
            { "model": "minecraft:block/tuff_brick_wall_side_tall", "y": 180, "uvlock": true, "weight": 24 },
            { "model": "minecraft:block/tuff_brick_wall_side_tall1", "y": 180, "uvlock": true, "weight": 18 },
            { "model": "minecraft:block/tuff_brick_wall_side_tall2", "y": 180, "uvlock": true, "weight": 18 },
            { "model": "minecraft:block/tuff_brick_wall_side_tall3", "y": 180, "uvlock": true, "weight": 15 },
            { "model": "minecraft:block/tuff_brick_wall_side_tall4", "y": 180, "uvlock": true, "weight": 15 },
            { "model": "minecraft:block/tuff_brick_wall_side_tall5", "y": 180, "uvlock": true, "weight": 4 },
            { "model": "minecraft:block/tuff_brick_wall_side_tall6", "y": 180, "uvlock": true, "weight": 3 },
            { "model": "minecraft:block/tuff_brick_wall_side_tall7", "y": 180, "uvlock": true, "weight": 3 }
            ]
        },
        {   "when": { "west": "tall" },
            "apply": [
            { "model": "minecraft:block/tuff_brick_wall_side_tall", "y": 270, "uvlock": true, "weight": 24 },
            { "model": "minecraft:block/tuff_brick_wall_side_tall1", "y": 270, "uvlock": true, "weight": 18 },
            { "model": "minecraft:block/tuff_brick_wall_side_tall2", "y": 270, "uvlock": true, "weight": 18 },
            { "model": "minecraft:block/tuff_brick_wall_side_tall3", "y": 270, "uvlock": true, "weight": 15 },
            { "model": "minecraft:block/tuff_brick_wall_side_tall4", "y": 270, "uvlock": true, "weight": 15 },
            { "model": "minecraft:block/tuff_brick_wall_side_tall5", "y": 270, "uvlock": true, "weight": 4 },
            { "model": "minecraft:block/tuff_brick_wall_side_tall6", "y": 270, "uvlock": true, "weight": 3 },
            { "model": "minecraft:block/tuff_brick_wall_side_tall7", "y": 270, "uvlock": true, "weight": 3 }
            ]
        }
    ]
}
