{
    "__comment": "JimStoneCraft - 2023",
    "variants": {
        "facing=east,half=bottom,shape=straight": [
        { "model": "minecraft:block/tuff_brick_stairs", "weight": 24 },
        { "model": "minecraft:block/tuff_brick_stairs1", "weight": 18 },
        { "model": "minecraft:block/tuff_brick_stairs2", "weight": 18 },
        { "model": "minecraft:block/tuff_brick_stairs3", "weight": 15 },
        { "model": "minecraft:block/tuff_brick_stairs4", "weight": 15 },
        { "model": "minecraft:block/tuff_brick_stairs5", "weight": 4 },
        { "model": "minecraft:block/tuff_brick_stairs6", "weight": 3 },
        { "model": "minecraft:block/tuff_brick_stairs7", "weight": 3 }
        ],
        "facing=west,half=bottom,shape=straight": [
        { "model": "minecraft:block/tuff_brick_stairs", "y": 180, "uvlock": true, "weight": 24 },
        { "model": "minecraft:block/tuff_brick_stairs1", "y": 180, "uvlock": true, "weight": 18 },
        { "model": "minecraft:block/tuff_brick_stairs2", "y": 180, "uvlock": true, "weight": 18 },
        { "model": "minecraft:block/tuff_brick_stairs3", "y": 180, "uvlock": true, "weight": 15 },
        { "model": "minecraft:block/tuff_brick_stairs4", "y": 180, "uvlock": true, "weight": 15 },
        { "model": "minecraft:block/tuff_brick_stairs5", "y": 180, "uvlock": true, "weight": 4 },
        { "model": "minecraft:block/tuff_brick_stairs6", "y": 180, "uvlock": true, "weight": 3 },
        { "model": "minecraft:block/tuff_brick_stairs7", "y": 180, "uvlock": true, "weight": 3 }
        ],
        "facing=south,half=bottom,shape=straight": [
        { "model": "minecraft:block/tuff_brick_stairs", "y": 90, "uvlock": true, "weight": 24 },
        { "model": "minecraft:block/tuff_brick_stairs1", "y": 90, "uvlock": true, "weight": 18 },
        { "model": "minecraft:block/tuff_brick_stairs2", "y": 90, "uvlock": true, "weight": 18 },
        { "model": "minecraft:block/tuff_brick_stairs3", "y": 90, "uvlock": true, "weight": 15 },
        { "model": "minecraft:block/tuff_brick_stairs4", "y": 90, "uvlock": true, "weight": 15 },
        { "model": "minecraft:block/tuff_brick_stairs5", "y": 90, "uvlock": true, "weight": 4 },
        { "model": "minecraft:block/tuff_brick_stairs6", "y": 90, "uvlock": true, "weight": 3 },
        { "model": "minecraft:block/tuff_brick_stairs7", "y": 90, "uvlock": true, "weight": 3 }
        ],
        "facing=north,half=bottom,shape=straight": [
        { "model": "minecraft:block/tuff_brick_stairs", "y": 270, "uvlock": true, "weight": 24 },
        { "model": "minecraft:block/tuff_brick_stairs1", "y": 270, "uvlock": true, "weight": 18 },
        { "model": "minecraft:block/tuff_brick_stairs2", "y": 270, "uvlock": true, "weight": 18 },
        { "model": "minecraft:block/tuff_brick_stairs3", "y": 270, "uvlock": true, "weight": 15 },
        { "model": "minecraft:block/tuff_brick_stairs4", "y": 270, "uvlock": true, "weight": 15 },
        { "model": "minecraft:block/tuff_brick_stairs5", "y": 270, "uvlock": true, "weight": 4 },
        { "model": "minecraft:block/tuff_brick_stairs6", "y": 270, "uvlock": true, "weight": 3 },
        { "model": "minecraft:block/tuff_brick_stairs7", "y": 270, "uvlock": true, "weight": 3 }
        ],
        "facing=east,half=bottom,shape=outer_right": [
        { "model": "minecraft:block/tuff_brick_stairs_outer", "weight": 24 },
        { "model": "minecraft:block/tuff_brick_stairs_outer1", "weight": 18 },
        { "model": "minecraft:block/tuff_brick_stairs_outer2", "weight": 18 },
        { "model": "minecraft:block/tuff_brick_stairs_outer3", "weight": 15 },
        { "model": "minecraft:block/tuff_brick_stairs_outer4", "weight": 15 },
        { "model": "minecraft:block/tuff_brick_stairs_outer5", "weight": 4 },
        { "model": "minecraft:block/tuff_brick_stairs_outer6", "weight": 3 },
        { "model": "minecraft:block/tuff_brick_stairs_outer7", "weight": 3 }
        ],
        "facing=west,half=bottom,shape=outer_right": [
        { "model": "minecraft:block/tuff_brick_stairs_outer", "y": 180, "uvlock": true, "weight": 24 },
        { "model": "minecraft:block/tuff_brick_stairs_outer1", "y": 180, "uvlock": true, "weight": 18 },
        { "model": "minecraft:block/tuff_brick_stairs_outer2", "y": 180, "uvlock": true, "weight": 18 },
        { "model": "minecraft:block/tuff_brick_stairs_outer3", "y": 180, "uvlock": true, "weight": 15 },
        { "model": "minecraft:block/tuff_brick_stairs_outer4", "y": 180, "uvlock": true, "weight": 15 },
        { "model": "minecraft:block/tuff_brick_stairs_outer5", "y": 180, "uvlock": true, "weight": 4 },
        { "model": "minecraft:block/tuff_brick_stairs_outer6", "y": 180, "uvlock": true, "weight": 3 },
        { "model": "minecraft:block/tuff_brick_stairs_outer7", "y": 180, "uvlock": true, "weight": 3 }
        ],
        "facing=south,half=bottom,shape=outer_right": [
        { "model": "minecraft:block/tuff_brick_stairs_outer", "y": 90, "uvlock": true, "weight": 24 },
        { "model": "minecraft:block/tuff_brick_stairs_outer1", "y": 90, "uvlock": true, "weight": 18 },
        { "model": "minecraft:block/tuff_brick_stairs_outer2", "y": 90, "uvlock": true, "weight": 18 },
        { "model": "minecraft:block/tuff_brick_stairs_outer3", "y": 90, "uvlock": true, "weight": 15 },
        { "model": "minecraft:block/tuff_brick_stairs_outer4", "y": 90, "uvlock": true, "weight": 15 },
        { "model": "minecraft:block/tuff_brick_stairs_outer5", "y": 90, "uvlock": true, "weight": 4 },
        { "model": "minecraft:block/tuff_brick_stairs_outer6", "y": 90, "uvlock": true, "weight": 3 },
        { "model": "minecraft:block/tuff_brick_stairs_outer7", "y": 90, "uvlock": true, "weight": 3 }
        ],
        "facing=north,half=bottom,shape=outer_right": [
        { "model": "minecraft:block/tuff_brick_stairs_outer", "y": 270, "uvlock": true, "weight": 24 },
        { "model": "minecraft:block/tuff_brick_stairs_outer1", "y": 270, "uvlock": true, "weight": 18 },
        { "model": "minecraft:block/tuff_brick_stairs_outer2", "y": 270, "uvlock": true, "weight": 18 },
        { "model": "minecraft:block/tuff_brick_stairs_outer3", "y": 270, "uvlock": true, "weight": 15 },
        { "model": "minecraft:block/tuff_brick_stairs_outer4", "y": 270, "uvlock": true, "weight": 15 },
        { "model": "minecraft:block/tuff_brick_stairs_outer5", "y": 270, "uvlock": true, "weight": 4 },
        { "model": "minecraft:block/tuff_brick_stairs_outer6", "y": 270, "uvlock": true, "weight": 3 },
        { "model": "minecraft:block/tuff_brick_stairs_outer7", "y": 270, "uvlock": true, "weight": 3 }
        ],
        "facing=east,half=bottom,shape=outer_left": [
        { "model": "minecraft:block/tuff_brick_stairs_outer", "y": 270, "uvlock": true, "weight": 24 },
        { "model": "minecraft:block/tuff_brick_stairs_outer1", "y": 270, "uvlock": true, "weight": 18 },
        { "model": "minecraft:block/tuff_brick_stairs_outer2", "y": 270, "uvlock": true, "weight": 18 },
        { "model": "minecraft:block/tuff_brick_stairs_outer3", "y": 270, "uvlock": true, "weight": 15 },
        { "model": "minecraft:block/tuff_brick_stairs_outer4", "y": 270, "uvlock": true, "weight": 15 },
        { "model": "minecraft:block/tuff_brick_stairs_outer5", "y": 270, "uvlock": true, "weight": 4 },
        { "model": "minecraft:block/tuff_brick_stairs_outer6", "y": 270, "uvlock": true, "weight": 3 },
        { "model": "minecraft:block/tuff_brick_stairs_outer7", "y": 270, "uvlock": true, "weight": 3 }
        ],
        "facing=west,half=bottom,shape=outer_left": [
        { "model": "minecraft:block/tuff_brick_stairs_outer", "y": 90, "uvlock": true, "weight": 24 },
        { "model": "minecraft:block/tuff_brick_stairs_outer1", "y": 90, "uvlock": true, "weight": 18 },
        { "model": "minecraft:block/tuff_brick_stairs_outer2", "y": 90, "uvlock": true, "weight": 18 },
        { "model": "minecraft:block/tuff_brick_stairs_outer3", "y": 90, "uvlock": true, "weight": 15 },
        { "model": "minecraft:block/tuff_brick_stairs_outer4", "y": 90, "uvlock": true, "weight": 15 },
        { "model": "minecraft:block/tuff_brick_stairs_outer5", "y": 90, "uvlock": true, "weight": 4 },
        { "model": "minecraft:block/tuff_brick_stairs_outer6", "y": 90, "uvlock": true, "weight": 3 },
        { "model": "minecraft:block/tuff_brick_stairs_outer7", "y": 90, "uvlock": true, "weight": 3 }
        ],
        "facing=south,half=bottom,shape=outer_left": [
        { "model": "minecraft:block/tuff_brick_stairs_outer", "weight": 24 },
        { "model": "minecraft:block/tuff_brick_stairs_outer1", "weight": 18 },
        { "model": "minecraft:block/tuff_brick_stairs_outer2", "weight": 18 },
        { "model": "minecraft:block/tuff_brick_stairs_outer3", "weight": 15 },
        { "model": "minecraft:block/tuff_brick_stairs_outer4", "weight": 15 },
        { "model": "minecraft:block/tuff_brick_stairs_outer5", "weight": 4 },
        { "model": "minecraft:block/tuff_brick_stairs_outer6", "weight": 3 },
        { "model": "minecraft:block/tuff_brick_stairs_outer7", "weight": 3 }
        ],
        "facing=north,half=bottom,shape=outer_left": [
        { "model": "minecraft:block/tuff_brick_stairs_outer", "y": 180, "uvlock": true, "weight": 24 },
        { "model": "minecraft:block/tuff_brick_stairs_outer1", "y": 180, "uvlock": true, "weight": 18 },
        { "model": "minecraft:block/tuff_brick_stairs_outer2", "y": 180, "uvlock": true, "weight": 18 },
        { "model": "minecraft:block/tuff_brick_stairs_outer3", "y": 180, "uvlock": true, "weight": 15 },
        { "model": "minecraft:block/tuff_brick_stairs_outer4", "y": 180, "uvlock": true, "weight": 15 },
        { "model": "minecraft:block/tuff_brick_stairs_outer5", "y": 180, "uvlock": true, "weight": 4 },
        { "model": "minecraft:block/tuff_brick_stairs_outer6", "y": 180, "uvlock": true, "weight": 3 },
        { "model": "minecraft:block/tuff_brick_stairs_outer7", "y": 180, "uvlock": true, "weight": 3 }
        ],
        "facing=east,half=bottom,shape=inner_right": [
        { "model": "minecraft:block/tuff_brick_stairs_inner", "weight": 24 },
        { "model": "minecraft:block/tuff_brick_stairs_inner1", "weight": 18 },
        { "model": "minecraft:block/tuff_brick_stairs_inner2", "weight": 18 },
        { "model": "minecraft:block/tuff_brick_stairs_inner3", "weight": 15 },
        { "model": "minecraft:block/tuff_brick_stairs_inner4", "weight": 15 },
        { "model": "minecraft:block/tuff_brick_stairs_inner5", "weight": 4 },
        { "model": "minecraft:block/tuff_brick_stairs_inner6", "weight": 3 },
        { "model": "minecraft:block/tuff_brick_stairs_inner7", "weight": 3 }
        ],
        "facing=west,half=bottom,shape=inner_right": [
        { "model": "minecraft:block/tuff_brick_stairs_inner", "y": 180, "uvlock": true, "weight": 24 },
        { "model": "minecraft:block/tuff_brick_stairs_inner1", "y": 180, "uvlock": true, "weight": 18 },
        { "model": "minecraft:block/tuff_brick_stairs_inner2", "y": 180, "uvlock": true, "weight": 18 },
        { "model": "minecraft:block/tuff_brick_stairs_inner3", "y": 180, "uvlock": true, "weight": 15 },
        { "model": "minecraft:block/tuff_brick_stairs_inner4", "y": 180, "uvlock": true, "weight": 15 },
        { "model": "minecraft:block/tuff_brick_stairs_inner5", "y": 180, "uvlock": true, "weight": 4 },
        { "model": "minecraft:block/tuff_brick_stairs_inner6", "y": 180, "uvlock": true, "weight": 3 },
        { "model": "minecraft:block/tuff_brick_stairs_inner7", "y": 180, "uvlock": true, "weight": 3 }
        ],
        "facing=south,half=bottom,shape=inner_right": [
        { "model": "minecraft:block/tuff_brick_stairs_inner", "y": 90, "uvlock": true, "weight": 24 },
        { "model": "minecraft:block/tuff_brick_stairs_inner1", "y": 90, "uvlock": true, "weight": 18 },
        { "model": "minecraft:block/tuff_brick_stairs_inner2", "y": 90, "uvlock": true, "weight": 18 },
        { "model": "minecraft:block/tuff_brick_stairs_inner3", "y": 90, "uvlock": true, "weight": 15 },
        { "model": "minecraft:block/tuff_brick_stairs_inner4", "y": 90, "uvlock": true, "weight": 15 },
        { "model": "minecraft:block/tuff_brick_stairs_inner5", "y": 90, "uvlock": true, "weight": 4 },
        { "model": "minecraft:block/tuff_brick_stairs_inner6", "y": 90, "uvlock": true, "weight": 3 },
        { "model": "minecraft:block/tuff_brick_stairs_inner7", "y": 90, "uvlock": true, "weight": 3 }
        ],
        "facing=north,half=bottom,shape=inner_right": [
        { "model": "minecraft:block/tuff_brick_stairs_inner", "y": 270, "uvlock": true, "weight": 24 },
        { "model": "minecraft:block/tuff_brick_stairs_inner1", "y": 270, "uvlock": true, "weight": 18 },
        { "model": "minecraft:block/tuff_brick_stairs_inner2", "y": 270, "uvlock": true, "weight": 18 },
        { "model": "minecraft:block/tuff_brick_stairs_inner3", "y": 270, "uvlock": true, "weight": 15 },
        { "model": "minecraft:block/tuff_brick_stairs_inner4", "y": 270, "uvlock": true, "weight": 15 },
        { "model": "minecraft:block/tuff_brick_stairs_inner5", "y": 270, "uvlock": true, "weight": 4 },
        { "model": "minecraft:block/tuff_brick_stairs_inner6", "y": 270, "uvlock": true, "weight": 3 },
        { "model": "minecraft:block/tuff_brick_stairs_inner7", "y": 270, "uvlock": true, "weight": 3 }
        ],
        "facing=east,half=bottom,shape=inner_left": [
        { "model": "minecraft:block/tuff_brick_stairs_inner", "y": 270, "uvlock": true, "weight": 24 },
        { "model": "minecraft:block/tuff_brick_stairs_inner1", "y": 270, "uvlock": true, "weight": 18 },
        { "model": "minecraft:block/tuff_brick_stairs_inner2", "y": 270, "uvlock": true, "weight": 18 },
        { "model": "minecraft:block/tuff_brick_stairs_inner3", "y": 270, "uvlock": true, "weight": 15 },
        { "model": "minecraft:block/tuff_brick_stairs_inner4", "y": 270, "uvlock": true, "weight": 15 },
        { "model": "minecraft:block/tuff_brick_stairs_inner5", "y": 270, "uvlock": true, "weight": 4 },
        { "model": "minecraft:block/tuff_brick_stairs_inner6", "y": 270, "uvlock": true, "weight": 3 },
        { "model": "minecraft:block/tuff_brick_stairs_inner7", "y": 270, "uvlock": true, "weight": 3 }
        ],
        "facing=west,half=bottom,shape=inner_left": [
        { "model": "minecraft:block/tuff_brick_stairs_inner", "y": 90, "uvlock": true, "weight": 24 },
        { "model": "minecraft:block/tuff_brick_stairs_inner1", "y": 90, "uvlock": true, "weight": 18 },
        { "model": "minecraft:block/tuff_brick_stairs_inner2", "y": 90, "uvlock": true, "weight": 18 },
        { "model": "minecraft:block/tuff_brick_stairs_inner3", "y": 90, "uvlock": true, "weight": 15 },
        { "model": "minecraft:block/tuff_brick_stairs_inner4", "y": 90, "uvlock": true, "weight": 15 },
        { "model": "minecraft:block/tuff_brick_stairs_inner5", "y": 90, "uvlock": true, "weight": 4 },
        { "model": "minecraft:block/tuff_brick_stairs_inner6", "y": 90, "uvlock": true, "weight": 3 },
        { "model": "minecraft:block/tuff_brick_stairs_inner7", "y": 90, "uvlock": true, "weight": 3 }
        ],
        "facing=south,half=bottom,shape=inner_left": [
        { "model": "minecraft:block/tuff_brick_stairs_inner", "weight": 24 },
        { "model": "minecraft:block/tuff_brick_stairs_inner1", "weight": 18 },
        { "model": "minecraft:block/tuff_brick_stairs_inner2", "weight": 18 },
        { "model": "minecraft:block/tuff_brick_stairs_inner3", "weight": 15 },
        { "model": "minecraft:block/tuff_brick_stairs_inner4", "weight": 15 },
        { "model": "minecraft:block/tuff_brick_stairs_inner5", "weight": 4 },
        { "model": "minecraft:block/tuff_brick_stairs_inner6", "weight": 3 },
        { "model": "minecraft:block/tuff_brick_stairs_inner7", "weight": 3 }
        ],
        "facing=north,half=bottom,shape=inner_left": [
        { "model": "minecraft:block/tuff_brick_stairs_inner", "y": 180, "uvlock": true, "weight": 24 },
        { "model": "minecraft:block/tuff_brick_stairs_inner1", "y": 180, "uvlock": true, "weight": 18 },
        { "model": "minecraft:block/tuff_brick_stairs_inner2", "y": 180, "uvlock": true, "weight": 18 },
        { "model": "minecraft:block/tuff_brick_stairs_inner3", "y": 180, "uvlock": true, "weight": 15 },
        { "model": "minecraft:block/tuff_brick_stairs_inner4", "y": 180, "uvlock": true, "weight": 15 },
        { "model": "minecraft:block/tuff_brick_stairs_inner5", "y": 180, "uvlock": true, "weight": 4 },
        { "model": "minecraft:block/tuff_brick_stairs_inner6", "y": 180, "uvlock": true, "weight": 3 },
        { "model": "minecraft:block/tuff_brick_stairs_inner7", "y": 180, "uvlock": true, "weight": 3 }
        ],
        "facing=east,half=top,shape=straight": [
        { "model": "minecraft:block/tuff_brick_stairs", "x": 180, "uvlock": true, "weight": 24 },
        { "model": "minecraft:block/tuff_brick_stairs1", "x": 180, "uvlock": true, "weight": 18 },
        { "model": "minecraft:block/tuff_brick_stairs2", "x": 180, "uvlock": true, "weight": 18 },
        { "model": "minecraft:block/tuff_brick_stairs3", "x": 180, "uvlock": true, "weight": 15 },
        { "model": "minecraft:block/tuff_brick_stairs4", "x": 180, "uvlock": true, "weight": 15 },
        { "model": "minecraft:block/tuff_brick_stairs5", "x": 180, "uvlock": true, "weight": 4 },
        { "model": "minecraft:block/tuff_brick_stairs6", "x": 180, "uvlock": true, "weight": 3 },
        { "model": "minecraft:block/tuff_brick_stairs7", "x": 180, "uvlock": true, "weight": 3 }
        ],
        "facing=west,half=top,shape=straight": [
        { "model": "minecraft:block/tuff_brick_stairs", "x": 180, "y": 180, "uvlock": true, "weight": 24 },
        { "model": "minecraft:block/tuff_brick_stairs1", "x": 180, "y": 180, "uvlock": true, "weight": 18 },
        { "model": "minecraft:block/tuff_brick_stairs2", "x": 180, "y": 180, "uvlock": true, "weight": 18 },
        { "model": "minecraft:block/tuff_brick_stairs3", "x": 180, "y": 180, "uvlock": true, "weight": 15 },
        { "model": "minecraft:block/tuff_brick_stairs4", "x": 180, "y": 180, "uvlock": true, "weight": 15 },
        { "model": "minecraft:block/tuff_brick_stairs5", "x": 180, "y": 180, "uvlock": true, "weight": 4 },
        { "model": "minecraft:block/tuff_brick_stairs6", "x": 180, "y": 180, "uvlock": true, "weight": 3 },
        { "model": "minecraft:block/tuff_brick_stairs7", "x": 180, "y": 180, "uvlock": true, "weight": 3 }
        ],
        "facing=south,half=top,shape=straight": [
        { "model": "minecraft:block/tuff_brick_stairs", "x": 180, "y": 90, "uvlock": true, "weight": 24 },
        { "model": "minecraft:block/tuff_brick_stairs1", "x": 180, "y": 90, "uvlock": true, "weight": 18 },
        { "model": "minecraft:block/tuff_brick_stairs2", "x": 180, "y": 90, "uvlock": true, "weight": 18 },
        { "model": "minecraft:block/tuff_brick_stairs3", "x": 180, "y": 90, "uvlock": true, "weight": 15 },
        { "model": "minecraft:block/tuff_brick_stairs4", "x": 180, "y": 90, "uvlock": true, "weight": 15 },
        { "model": "minecraft:block/tuff_brick_stairs5", "x": 180, "y": 90, "uvlock": true, "weight": 4 },
        { "model": "minecraft:block/tuff_brick_stairs6", "x": 180, "y": 90, "uvlock": true, "weight": 3 },
        { "model": "minecraft:block/tuff_brick_stairs7", "x": 180, "y": 90, "uvlock": true, "weight": 3 }
        ],
        "facing=north,half=top,shape=straight": [
        { "model": "minecraft:block/tuff_brick_stairs", "x": 180, "y": 270, "uvlock": true, "weight": 24 },
        { "model": "minecraft:block/tuff_brick_stairs1", "x": 180, "y": 270, "uvlock": true, "weight": 18 },
        { "model": "minecraft:block/tuff_brick_stairs2", "x": 180, "y": 270, "uvlock": true, "weight": 18 },
        { "model": "minecraft:block/tuff_brick_stairs3", "x": 180, "y": 270, "uvlock": true, "weight": 15 },
        { "model": "minecraft:block/tuff_brick_stairs4", "x": 180, "y": 270, "uvlock": true, "weight": 15 },
        { "model": "minecraft:block/tuff_brick_stairs5", "x": 180, "y": 270, "uvlock": true, "weight": 4 },
        { "model": "minecraft:block/tuff_brick_stairs6", "x": 180, "y": 270, "uvlock": true, "weight": 3 },
        { "model": "minecraft:block/tuff_brick_stairs7", "x": 180, "y": 270, "uvlock": true, "weight": 3 }
        ],
        "facing=east,half=top,shape=outer_right": [
        { "model": "minecraft:block/tuff_brick_stairs_outer", "x": 180, "y": 90, "uvlock": true, "weight": 24 },
        { "model": "minecraft:block/tuff_brick_stairs_outer1", "x": 180, "y": 90, "uvlock": true, "weight": 18 },
        { "model": "minecraft:block/tuff_brick_stairs_outer2", "x": 180, "y": 90, "uvlock": true, "weight": 18 },
        { "model": "minecraft:block/tuff_brick_stairs_outer3", "x": 180, "y": 90, "uvlock": true, "weight": 15 },
        { "model": "minecraft:block/tuff_brick_stairs_outer4", "x": 180, "y": 90, "uvlock": true, "weight": 15 },
        { "model": "minecraft:block/tuff_brick_stairs_outer5", "x": 180, "y": 90, "uvlock": true, "weight": 4 },
        { "model": "minecraft:block/tuff_brick_stairs_outer6", "x": 180, "y": 90, "uvlock": true, "weight": 3 },
        { "model": "minecraft:block/tuff_brick_stairs_outer7", "x": 180, "y": 90, "uvlock": true, "weight": 3 }
        ],
        "facing=west,half=top,shape=outer_right": [
        { "model": "minecraft:block/tuff_brick_stairs_outer", "x": 180, "y": 270, "uvlock": true, "weight": 24 },
        { "model": "minecraft:block/tuff_brick_stairs_outer1", "x": 180, "y": 270, "uvlock": true, "weight": 18 },
        { "model": "minecraft:block/tuff_brick_stairs_outer2", "x": 180, "y": 270, "uvlock": true, "weight": 18 },
        { "model": "minecraft:block/tuff_brick_stairs_outer3", "x": 180, "y": 270, "uvlock": true, "weight": 15 },
        { "model": "minecraft:block/tuff_brick_stairs_outer4", "x": 180, "y": 270, "uvlock": true, "weight": 15 },
        { "model": "minecraft:block/tuff_brick_stairs_outer5", "x": 180, "y": 270, "uvlock": true, "weight": 4 },
        { "model": "minecraft:block/tuff_brick_stairs_outer6", "x": 180, "y": 270, "uvlock": true, "weight": 3 },
        { "model": "minecraft:block/tuff_brick_stairs_outer7", "x": 180, "y": 270, "uvlock": true, "weight": 3 }
        ],
        "facing=south,half=top,shape=outer_right": [
        { "model": "minecraft:block/tuff_brick_stairs_outer", "x": 180, "y": 180, "uvlock": true, "weight": 24 },
        { "model": "minecraft:block/tuff_brick_stairs_outer1", "x": 180, "y": 180, "uvlock": true, "weight": 18 },
        { "model": "minecraft:block/tuff_brick_stairs_outer2", "x": 180, "y": 180, "uvlock": true, "weight": 18 },
        { "model": "minecraft:block/tuff_brick_stairs_outer3", "x": 180, "y": 180, "uvlock": true, "weight": 15 },
        { "model": "minecraft:block/tuff_brick_stairs_outer4", "x": 180, "y": 180, "uvlock": true, "weight": 15 },
        { "model": "minecraft:block/tuff_brick_stairs_outer5", "x": 180, "y": 180, "uvlock": true, "weight": 4 },
        { "model": "minecraft:block/tuff_brick_stairs_outer6", "x": 180, "y": 180, "uvlock": true, "weight": 3 },
        { "model": "minecraft:block/tuff_brick_stairs_outer7", "x": 180, "y": 180, "uvlock": true, "weight": 3 }
        ],
        "facing=north,half=top,shape=outer_right": [
        { "model": "minecraft:block/tuff_brick_stairs_outer", "x": 180, "uvlock": true, "weight": 24 },
        { "model": "minecraft:block/tuff_brick_stairs_outer1", "x": 180, "uvlock": true, "weight": 18 },
        { "model": "minecraft:block/tuff_brick_stairs_outer2", "x": 180, "uvlock": true, "weight": 18 },
        { "model": "minecraft:block/tuff_brick_stairs_outer3", "x": 180, "uvlock": true, "weight": 15 },
        { "model": "minecraft:block/tuff_brick_stairs_outer4", "x": 180, "uvlock": true, "weight": 15 },
        { "model": "minecraft:block/tuff_brick_stairs_outer5", "x": 180, "uvlock": true, "weight": 4 },
        { "model": "minecraft:block/tuff_brick_stairs_outer6", "x": 180, "uvlock": true, "weight": 3 },
        { "model": "minecraft:block/tuff_brick_stairs_outer7", "x": 180, "uvlock": true, "weight": 3 }
        ],
        "facing=east,half=top,shape=outer_left": [
        { "model": "minecraft:block/tuff_brick_stairs_outer", "x": 180, "uvlock": true, "weight": 24 },
        { "model": "minecraft:block/tuff_brick_stairs_outer1", "x": 180, "uvlock": true, "weight": 18 },
        { "model": "minecraft:block/tuff_brick_stairs_outer2", "x": 180, "uvlock": true, "weight": 18 },
        { "model": "minecraft:block/tuff_brick_stairs_outer3", "x": 180, "uvlock": true, "weight": 15 },
        { "model": "minecraft:block/tuff_brick_stairs_outer4", "x": 180, "uvlock": true, "weight": 15 },
        { "model": "minecraft:block/tuff_brick_stairs_outer5", "x": 180, "uvlock": true, "weight": 4 },
        { "model": "minecraft:block/tuff_brick_stairs_outer6", "x": 180, "uvlock": true, "weight": 3 },
        { "model": "minecraft:block/tuff_brick_stairs_outer7", "x": 180, "uvlock": true, "weight": 3 }
        ],
        "facing=west,half=top,shape=outer_left": [
        { "model": "minecraft:block/tuff_brick_stairs_outer", "x": 180, "y": 180, "uvlock": true, "weight": 24 },
        { "model": "minecraft:block/tuff_brick_stairs_outer1", "x": 180, "y": 180, "uvlock": true, "weight": 18 },
        { "model": "minecraft:block/tuff_brick_stairs_outer2", "x": 180, "y": 180, "uvlock": true, "weight": 18 },
        { "model": "minecraft:block/tuff_brick_stairs_outer3", "x": 180, "y": 180, "uvlock": true, "weight": 15 },
        { "model": "minecraft:block/tuff_brick_stairs_outer4", "x": 180, "y": 180, "uvlock": true, "weight": 15 },
        { "model": "minecraft:block/tuff_brick_stairs_outer5", "x": 180, "y": 180, "uvlock": true, "weight": 4 },
        { "model": "minecraft:block/tuff_brick_stairs_outer6", "x": 180, "y": 180, "uvlock": true, "weight": 3 },
        { "model": "minecraft:block/tuff_brick_stairs_outer7", "x": 180, "y": 180, "uvlock": true, "weight": 3 }
        ],
        "facing=south,half=top,shape=outer_left": [
        { "model": "minecraft:block/tuff_brick_stairs_outer", "x": 180, "y": 90, "uvlock": true, "weight": 24 },
        { "model": "minecraft:block/tuff_brick_stairs_outer1", "x": 180, "y": 90, "uvlock": true, "weight": 18 },
        { "model": "minecraft:block/tuff_brick_stairs_outer2", "x": 180, "y": 90, "uvlock": true, "weight": 18 },
        { "model": "minecraft:block/tuff_brick_stairs_outer3", "x": 180, "y": 90, "uvlock": true, "weight": 15 },
        { "model": "minecraft:block/tuff_brick_stairs_outer4", "x": 180, "y": 90, "uvlock": true, "weight": 15 },
        { "model": "minecraft:block/tuff_brick_stairs_outer5", "x": 180, "y": 90, "uvlock": true, "weight": 4 },
        { "model": "minecraft:block/tuff_brick_stairs_outer6", "x": 180, "y": 90, "uvlock": true, "weight": 3 },
        { "model": "minecraft:block/tuff_brick_stairs_outer7", "x": 180, "y": 90, "uvlock": true, "weight": 3 }
        ],
        "facing=north,half=top,shape=outer_left": [
        { "model": "minecraft:block/tuff_brick_stairs_outer", "x": 180, "y": 270, "uvlock": true, "weight": 24 },
        { "model": "minecraft:block/tuff_brick_stairs_outer1", "x": 180, "y": 270, "uvlock": true, "weight": 18 },
        { "model": "minecraft:block/tuff_brick_stairs_outer2", "x": 180, "y": 270, "uvlock": true, "weight": 18 },
        { "model": "minecraft:block/tuff_brick_stairs_outer3", "x": 180, "y": 270, "uvlock": true, "weight": 15 },
        { "model": "minecraft:block/tuff_brick_stairs_outer4", "x": 180, "y": 270, "uvlock": true, "weight": 15 },
        { "model": "minecraft:block/tuff_brick_stairs_outer5", "x": 180, "y": 270, "uvlock": true, "weight": 4 },
        { "model": "minecraft:block/tuff_brick_stairs_outer6", "x": 180, "y": 270, "uvlock": true, "weight": 3 },
        { "model": "minecraft:block/tuff_brick_stairs_outer7", "x": 180, "y": 270, "uvlock": true, "weight": 3 }
        ],
        "facing=east,half=top,shape=inner_right": [
        { "model": "minecraft:block/tuff_brick_stairs_inner", "x": 180, "y": 90, "uvlock": true, "weight": 24 },
        { "model": "minecraft:block/tuff_brick_stairs_inner1", "x": 180, "y": 90, "uvlock": true, "weight": 18 },
        { "model": "minecraft:block/tuff_brick_stairs_inner2", "x": 180, "y": 90, "uvlock": true, "weight": 18 },
        { "model": "minecraft:block/tuff_brick_stairs_inner3", "x": 180, "y": 90, "uvlock": true, "weight": 15 },
        { "model": "minecraft:block/tuff_brick_stairs_inner4", "x": 180, "y": 90, "uvlock": true, "weight": 15 },
        { "model": "minecraft:block/tuff_brick_stairs_inner5", "x": 180, "y": 90, "uvlock": true, "weight": 4 },
        { "model": "minecraft:block/tuff_brick_stairs_inner6", "x": 180, "y": 90, "uvlock": true, "weight": 3 },
        { "model": "minecraft:block/tuff_brick_stairs_inner7", "x": 180, "y": 90, "uvlock": true, "weight": 3 }
        ],
        "facing=west,half=top,shape=inner_right": [
        { "model": "minecraft:block/tuff_brick_stairs_inner", "x": 180, "y": 270, "uvlock": true, "weight": 24 },
        { "model": "minecraft:block/tuff_brick_stairs_inner1", "x": 180, "y": 270, "uvlock": true, "weight": 18 },
        { "model": "minecraft:block/tuff_brick_stairs_inner2", "x": 180, "y": 270, "uvlock": true, "weight": 18 },
        { "model": "minecraft:block/tuff_brick_stairs_inner3", "x": 180, "y": 270, "uvlock": true, "weight": 15 },
        { "model": "minecraft:block/tuff_brick_stairs_inner4", "x": 180, "y": 270, "uvlock": true, "weight": 15 },
        { "model": "minecraft:block/tuff_brick_stairs_inner5", "x": 180, "y": 270, "uvlock": true, "weight": 4 },
        { "model": "minecraft:block/tuff_brick_stairs_inner6", "x": 180, "y": 270, "uvlock": true, "weight": 3 },
        { "model": "minecraft:block/tuff_brick_stairs_inner7", "x": 180, "y": 270, "uvlock": true, "weight": 3 }
        ],
        "facing=south,half=top,shape=inner_right": [
        { "model": "minecraft:block/tuff_brick_stairs_inner", "x": 180, "y": 180, "uvlock": true, "weight": 24 },
        { "model": "minecraft:block/tuff_brick_stairs_inner1", "x": 180, "y": 180, "uvlock": true, "weight": 18 },
        { "model": "minecraft:block/tuff_brick_stairs_inner2", "x": 180, "y": 180, "uvlock": true, "weight": 18 },
        { "model": "minecraft:block/tuff_brick_stairs_inner3", "x": 180, "y": 180, "uvlock": true, "weight": 15 },
        { "model": "minecraft:block/tuff_brick_stairs_inner4", "x": 180, "y": 180, "uvlock": true, "weight": 15 },
        { "model": "minecraft:block/tuff_brick_stairs_inner5", "x": 180, "y": 180, "uvlock": true, "weight": 4 },
        { "model": "minecraft:block/tuff_brick_stairs_inner6", "x": 180, "y": 180, "uvlock": true, "weight": 3 },
        { "model": "minecraft:block/tuff_brick_stairs_inner7", "x": 180, "y": 180, "uvlock": true, "weight": 3 }
        ],
        "facing=north,half=top,shape=inner_right": [
        { "model": "minecraft:block/tuff_brick_stairs_inner", "x": 180, "uvlock": true, "weight": 24 },
        { "model": "minecraft:block/tuff_brick_stairs_inner1", "x": 180, "uvlock": true, "weight": 18 },
        { "model": "minecraft:block/tuff_brick_stairs_inner2", "x": 180, "uvlock": true, "weight": 18 },
        { "model": "minecraft:block/tuff_brick_stairs_inner3", "x": 180, "uvlock": true, "weight": 15 },
        { "model": "minecraft:block/tuff_brick_stairs_inner4", "x": 180, "uvlock": true, "weight": 15 },
        { "model": "minecraft:block/tuff_brick_stairs_inner5", "x": 180, "uvlock": true, "weight": 4 },
        { "model": "minecraft:block/tuff_brick_stairs_inner6", "x": 180, "uvlock": true, "weight": 3 },
        { "model": "minecraft:block/tuff_brick_stairs_inner7", "x": 180, "uvlock": true, "weight": 3 }
        ],
        "facing=east,half=top,shape=inner_left": [
        { "model": "minecraft:block/tuff_brick_stairs_inner", "x": 180, "uvlock": true, "weight": 24 },
        { "model": "minecraft:block/tuff_brick_stairs_inner1", "x": 180, "uvlock": true, "weight": 18 },
        { "model": "minecraft:block/tuff_brick_stairs_inner2", "x": 180, "uvlock": true, "weight": 18 },
        { "model": "minecraft:block/tuff_brick_stairs_inner3", "x": 180, "uvlock": true, "weight": 15 },
        { "model": "minecraft:block/tuff_brick_stairs_inner4", "x": 180, "uvlock": true, "weight": 15 },
        { "model": "minecraft:block/tuff_brick_stairs_inner5", "x": 180, "uvlock": true, "weight": 4 },
        { "model": "minecraft:block/tuff_brick_stairs_inner6", "x": 180, "uvlock": true, "weight": 3 },
        { "model": "minecraft:block/tuff_brick_stairs_inner7", "x": 180, "uvlock": true, "weight": 3 }
        ],
        "facing=west,half=top,shape=inner_left": [
        { "model": "minecraft:block/tuff_brick_stairs_inner", "x": 180, "y": 180, "uvlock": true, "weight": 24 },
        { "model": "minecraft:block/tuff_brick_stairs_inner1", "x": 180, "y": 180, "uvlock": true, "weight": 18 },
        { "model": "minecraft:block/tuff_brick_stairs_inner2", "x": 180, "y": 180, "uvlock": true, "weight": 18 },
        { "model": "minecraft:block/tuff_brick_stairs_inner3", "x": 180, "y": 180, "uvlock": true, "weight": 15 },
        { "model": "minecraft:block/tuff_brick_stairs_inner4", "x": 180, "y": 180, "uvlock": true, "weight": 15 },
        { "model": "minecraft:block/tuff_brick_stairs_inner5", "x": 180, "y": 180, "uvlock": true, "weight": 4 },
        { "model": "minecraft:block/tuff_brick_stairs_inner6", "x": 180, "y": 180, "uvlock": true, "weight": 3 },
        { "model": "minecraft:block/tuff_brick_stairs_inner7", "x": 180, "y": 180, "uvlock": true, "weight": 3 }
        ],
        "facing=south,half=top,shape=inner_left": [
        { "model": "minecraft:block/tuff_brick_stairs_inner", "x": 180, "y": 90, "uvlock": true, "weight": 24 },
        { "model": "minecraft:block/tuff_brick_stairs_inner1", "x": 180, "y": 90, "uvlock": true, "weight": 18 },
        { "model": "minecraft:block/tuff_brick_stairs_inner2", "x": 180, "y": 90, "uvlock": true, "weight": 18 },
        { "model": "minecraft:block/tuff_brick_stairs_inner3", "x": 180, "y": 90, "uvlock": true, "weight": 15 },
        { "model": "minecraft:block/tuff_brick_stairs_inner4", "x": 180, "y": 90, "uvlock": true, "weight": 15 },
        { "model": "minecraft:block/tuff_brick_stairs_inner5", "x": 180, "y": 90, "uvlock": true, "weight": 4 },
        { "model": "minecraft:block/tuff_brick_stairs_inner6", "x": 180, "y": 90, "uvlock": true, "weight": 3 },
        { "model": "minecraft:block/tuff_brick_stairs_inner7", "x": 180, "y": 90, "uvlock": true, "weight": 3 }
        ],
        "facing=north,half=top,shape=inner_left": [
        { "model": "minecraft:block/tuff_brick_stairs_inner", "x": 180, "y": 270, "uvlock": true, "weight": 24 },
        { "model": "minecraft:block/tuff_brick_stairs_inner1", "x": 180, "y": 270, "uvlock": true, "weight": 18 },
        { "model": "minecraft:block/tuff_brick_stairs_inner2", "x": 180, "y": 270, "uvlock": true, "weight": 18 },
        { "model": "minecraft:block/tuff_brick_stairs_inner3", "x": 180, "y": 270, "uvlock": true, "weight": 15 },
        { "model": "minecraft:block/tuff_brick_stairs_inner4", "x": 180, "y": 270, "uvlock": true, "weight": 15 },
        { "model": "minecraft:block/tuff_brick_stairs_inner5", "x": 180, "y": 270, "uvlock": true, "weight": 4 },
        { "model": "minecraft:block/tuff_brick_stairs_inner6", "x": 180, "y": 270, "uvlock": true, "weight": 3 },
        { "model": "minecraft:block/tuff_brick_stairs_inner7", "x": 180, "y": 270, "uvlock": true, "weight": 3 }
        ]
    }
}
